,Campus,SessionName,participantID,Payoff,Digitpayoff,CorrectDS2,CorrectDS3,CorrectDS4,CorrectDS5,CorrectDS6,CorrectDS7,CorrectDS8,SpanIndiv,TotalCorrect
0,Burbank,CtrlS1a,0fzcxbs6,558,180,2,2,2,1,2,0,0,4,9
1,Burbank,CtrlS1a,1iie0vvi,553,160,2,2,2,1,0,1,0,4,8
2,Burbank,CtrlS1a,2h0na5lh,482,220,2,2,2,1,2,2,0,4,11
3,Burbank,CtrlS1a,g1lhxmso,556,160,2,2,2,2,0,0,0,5,8
4,Burbank,CtrlS1a,h9dkh349,558,160,2,2,2,2,0,0,0,5,8
5,Burbank,CtrlS1a,p55z5l08,555,240,2,2,2,2,2,2,0,7,12
6,Burbank,CtrlS1a,szyofb2k,558,80,2,1,1,0,0,0,0,2,4
7,Burbank,CtrlS1a,tbaqs6vu,548,180,2,2,2,2,1,0,0,5,9
8,Burbank,CtrlS1a,uazsyypz,558,200,2,2,2,2,0,2,0,5,10
9,Burbank,CtrlS1b,05amtxnl,553,200,2,2,2,2,1,1,0,5,10
10,Burbank,CtrlS1b,26fqery8,553,80,2,1,1,0,0,0,0,2,4
11,Burbank,CtrlS1b,5gwaas9x,553,200,2,2,2,2,2,0,0,6,10
12,Burbank,CtrlS1b,gsag3p40,523,220,2,2,2,2,2,1,0,6,11
13,Burbank,CtrlS1b,hzbnp1ls,553,160,2,2,1,2,1,0,0,3,8
14,Burbank,CtrlS1b,l86vczy2,558,120,2,2,1,1,0,0,0,3,6
15,Burbank,CtrlS1b,vy29wnar,553,140,2,1,2,2,0,0,0,2,7
16,Burbank,CtrlS1b,x7l7j81d,558,240,2,2,2,2,2,2,0,7,12
17,Burbank,CtrlS1b,y5cg1cch,548,140,2,1,2,1,1,0,0,2,7
18,Burbank,CtrlS2a,11duyplb,558,240,2,2,2,2,2,2,0,7,12
19,Burbank,CtrlS2a,1qc0t35h,523,80,2,1,0,1,0,0,0,2,4
20,Burbank,CtrlS2a,5ehzgrqb,516,180,2,2,2,2,0,1,0,5,9
21,Burbank,CtrlS2a,akoyrmek,558,180,2,2,2,2,1,0,0,5,9
22,Burbank,CtrlS2a,es2a9f10,495,40,2,0,0,0,0,0,0,2,2
23,Burbank,CtrlS2a,isswi2f8,558,180,2,2,2,2,1,0,0,5,9
24,Burbank,CtrlS2a,j6rsdn9k,526,220,2,2,2,1,2,2,0,4,11
25,Burbank,CtrlS2a,johez08z,460,120,2,2,2,0,0,0,0,4,6
26,Burbank,CtrlS2a,mry4admf,558,240,2,2,2,2,2,2,0,7,12
27,Burbank,CtrlS2a,wqm9aaei,538,220,2,2,2,2,2,1,0,6,11
28,Burbank,CtrlS2a,zpq8zbfv,558,160,2,2,2,2,0,0,0,5,8
29,Burbank,CtrlS2b,1kvjkozu,558,200,2,2,2,1,2,1,0,4,10
30,Burbank,CtrlS2b,3htxoqg4,516,120,2,1,2,1,0,0,0,2,6
31,Burbank,CtrlS2b,4qscz02h,530,240,2,2,2,2,2,2,0,7,12
32,Burbank,CtrlS2b,ch7d1atl,558,120,2,2,2,0,0,0,0,4,6
33,Burbank,CtrlS2b,do8hiv7m,558,220,2,2,2,2,1,2,0,5,11
34,Burbank,CtrlS2b,mfhm6me5,489,60,2,0,0,1,0,0,0,2,3
35,Burbank,CtrlS2b,sdvkksvt,558,120,2,1,1,1,1,0,0,2,6
36,Burbank,CtrlS2b,txaughor,516,140,2,2,2,1,0,0,0,4,7
37,Burbank,CtrlS2b,xo57sufo,543,200,2,2,2,2,1,1,0,5,10
38,Burbank,CtrlS2b,yvnjeph4,548,80,2,1,0,1,0,0,0,2,4
39,Burbank,CtrlS2b,z6nxjqwn,516,180,2,2,2,2,1,0,0,5,9
40,Burbank,CtrlS3a,4slpzdit,551,180,2,2,2,1,1,1,0,4,9
41,Burbank,CtrlS3a,5tlkavqb,548,200,2,2,2,2,2,0,0,6,10
42,Burbank,CtrlS3a,9thiuynr,503,20,1,0,0,0,0,0,0,0,1
43,Burbank,CtrlS3a,dq2pw632,553,100,2,1,0,1,1,0,0,2,5
44,Burbank,CtrlS3a,gi3vwfp1,526,200,2,2,2,2,1,1,0,5,10
45,Burbank,CtrlS3a,gz0aka7g,558,240,2,2,2,2,2,2,0,7,12
46,Burbank,CtrlS3a,khsba8jn,558,240,2,2,2,2,2,2,0,7,12
47,Burbank,CtrlS3a,osg93izv,558,240,2,2,2,2,2,2,0,7,12
48,Burbank,CtrlS3a,seq67b14,558,180,2,2,1,1,2,1,0,3,9
49,Burbank,CtrlS3a,w6mtox6g,499,160,2,2,2,1,0,1,0,4,8
50,Burbank,CtrlS3a,xibvezej,558,160,2,2,2,2,0,0,0,5,8
51,Burbank,CtrlS3b,2rfe7328,516,220,2,2,2,1,2,2,0,4,11
52,Burbank,CtrlS3b,5me6y0n8,516,60,1,1,1,0,0,0,0,0,3
53,Burbank,CtrlS3b,c7xa34o3,528,120,2,1,2,1,0,0,0,2,6
54,Burbank,CtrlS3b,fb4toy6f,558,220,2,2,2,2,1,2,0,5,11
55,Burbank,CtrlS3b,hadt9s7t,558,160,2,2,2,1,1,0,0,4,8
56,Burbank,CtrlS3b,p147fzhc,558,200,2,2,2,1,2,1,0,4,10
57,Burbank,CtrlS3b,qasj7dlb,115,0,0,0,0,0,0,0,0,0,0
58,Burbank,CtrlS3b,qz4ybvrr,558,220,2,2,1,2,2,2,0,3,11
59,Burbank,CtrlS3b,r2zmhm2a,553,180,2,2,2,1,2,0,0,4,9
60,Burbank,CtrlS3b,ulci63ru,558,160,2,2,2,2,0,0,0,5,8
61,Burbank,CtrlS3b,wkqle90y,558,120,2,1,2,0,1,0,0,2,6
62,Burbank,CtrlS4a,16kwc0ce,548,180,2,1,2,2,1,1,0,2,9
63,Burbank,CtrlS4a,19vl4nat,558,140,2,1,2,1,0,1,0,2,7
64,Burbank,CtrlS4a,8mgis920,558,200,2,2,2,2,1,1,0,5,10
65,Burbank,CtrlS4a,g4lqm754,484,160,2,2,1,1,2,0,0,3,8
66,Burbank,CtrlS4a,h5z881uv,543,180,2,2,1,1,2,1,0,3,9
67,Burbank,CtrlS4a,ln7uuhgj,495,160,2,2,2,1,1,0,0,4,8
68,Burbank,CtrlS4a,m7vzx9v4,531,100,2,1,2,0,0,0,0,2,5
69,Burbank,CtrlS4a,m9jdyhzo,518,160,2,2,1,2,0,1,0,3,8
70,Burbank,CtrlS4a,mtugya8o,543,80,2,0,1,1,0,0,0,2,4
71,Burbank,CtrlS4a,oxkhm9fm,558,160,2,2,1,1,2,0,0,3,8
72,Burbank,CtrlS4b,3b59m5pn,533,200,2,2,2,2,2,0,0,6,10
73,Burbank,CtrlS4b,9lxnsq5l,518,240,2,2,2,2,2,2,0,7,12
74,Burbank,CtrlS4b,a65cbwbg,558,160,2,1,1,1,1,2,0,2,8
75,Burbank,CtrlS4b,bi9rtxie,558,140,2,2,0,2,1,0,0,3,7
76,Burbank,CtrlS4b,fe9l1mqu,543,240,2,2,2,2,2,2,0,7,12
77,Burbank,CtrlS4b,loc696l3,558,200,2,2,2,2,1,1,0,5,10
78,Burbank,CtrlS4b,m9amljmj,436,180,2,2,2,2,1,0,0,5,9
79,Burbank,CtrlS4b,t8xrfq36,558,220,2,2,2,2,2,1,0,6,11
80,Burbank,CtrlS4b,venyl47w,543,200,2,2,2,1,1,2,0,4,10
81,Burbank,CtrlS4b,wz6nkf2x,543,220,2,2,2,2,2,1,0,6,11
82,Burbank,D1S1a,23ayha3q,558,100,2,1,1,1,0,0,0,2,5
83,Burbank,D1S1a,55vtt2g8,516,120,1,2,2,0,1,0,0,0,6
84,Burbank,D1S1a,5njrdc92,516,180,2,2,1,0,2,2,0,3,9
85,Burbank,D1S1a,5ysg83br,515,100,1,2,1,1,0,0,0,0,5
86,Burbank,D1S1a,akw7mjn7,516,40,0,1,1,0,0,0,0,0,2
87,Burbank,D1S1a,do4mopds,533,80,2,0,0,2,0,0,0,2,4
88,Burbank,D1S1a,iqfdtfap,538,140,2,2,2,1,0,0,0,4,7
89,Burbank,D1S1a,uwbwn9no,533,100,2,2,1,0,0,0,0,3,5
90,Burbank,D1S1a,y9n9eqel,545,120,2,2,0,1,1,0,0,3,6
91,Burbank,D1S1b,1lvn7rjl,538,100,2,2,1,0,0,0,0,3,5
92,Burbank,D1S1b,4txh2c97,531,120,2,2,1,0,1,0,0,3,6
93,Burbank,D1S1b,67h951jm,558,140,2,2,2,1,0,0,0,4,7
94,Burbank,D1S1b,6kaajdsd,558,180,2,2,2,2,1,0,0,5,9
95,Burbank,D1S1b,eakesbfr,500,120,2,2,1,1,0,0,0,3,6
96,Burbank,D1S1b,gcp0hgt9,357,40,1,1,0,0,0,0,0,0,2
97,Burbank,D1S1b,nhermg8t,397,80,2,2,0,0,0,0,0,3,4
98,Burbank,D1S1b,qb9wv6l6,521,180,1,2,2,2,1,1,0,0,9
99,Burbank,D1S1b,ypfig1f3,516,80,2,0,2,0,0,0,0,2,4
100,Burbank,D1S2a,33pqumcg,552,160,2,2,1,1,1,1,0,3,8
101,Burbank,D1S2a,5c4k7qja,420,120,2,0,2,2,0,0,0,2,6
102,Burbank,D1S2a,g4yavcvk,558,180,2,2,2,2,1,0,0,5,9
103,Burbank,D1S2a,hgn7vhxs,538,80,2,1,1,0,0,0,0,2,4
104,Burbank,D1S2a,t0u42n6p,516,120,2,2,1,1,0,0,0,3,6
105,Burbank,D1S2a,z6fsvvag,551,120,1,2,2,1,0,0,0,0,6
106,Burbank,D1S2b,5kzghcf9,557,120,2,2,1,1,0,0,0,3,6
107,Burbank,D1S2b,6we36zqx,505,140,2,1,2,2,0,0,0,2,7
108,Burbank,D1S2b,bpg2g3w9,558,140,2,1,2,0,1,1,0,2,7
109,Burbank,D1S2b,c0m6m3x7,365,60,2,1,0,0,0,0,0,2,3
110,Burbank,D1S2b,gctp94vo,465,100,2,1,2,0,0,0,0,2,5
111,Burbank,D1S2b,uynu922s,524,220,2,2,2,2,1,2,0,5,11
112,Burbank,D1S3a,0nrgp9i7,460,80,2,1,0,1,0,0,0,2,4
113,Burbank,D1S3a,1topemat,558,140,2,2,2,0,1,0,0,4,7
114,Burbank,D1S3a,4jomuqjt,523,140,2,2,2,1,0,0,0,4,7
115,Burbank,D1S3a,8h2ylwdd,513,160,2,2,2,2,0,0,0,5,8
116,Burbank,D1S3a,gc9mqw6e,553,100,2,1,2,0,0,0,0,2,5
117,Burbank,D1S3a,gzqbfb7q,523,140,2,2,2,1,0,0,0,4,7
118,Burbank,D1S3a,hhbpgbkl,523,160,2,2,2,1,1,0,0,4,8
119,Burbank,D1S3a,uvluol79,380,140,2,2,2,1,0,0,0,4,7
120,Burbank,D1S3b,4ga57lk5,532,80,2,2,0,0,0,0,0,3,4
121,Burbank,D1S3b,9ks8e2k4,558,140,2,1,2,1,1,0,0,2,7
122,Burbank,D1S3b,allpi322,553,140,2,2,1,1,1,0,0,3,7
123,Burbank,D1S3b,b7mfttcf,515,80,2,1,1,0,0,0,0,2,4
124,Burbank,D1S3b,dgx478ia,516,120,2,2,1,1,0,0,0,3,6
125,Burbank,D1S3b,kc4oti8n,516,40,2,0,0,0,0,0,0,2,2
126,Burbank,D1S3b,olykukik,533,40,1,1,0,0,0,0,0,0,2
127,Burbank,D1S3b,pbov8ang,558,140,2,2,1,2,0,0,0,3,7
128,Burbank,D1S4a,8dcqh23v,468,60,2,1,0,0,0,0,0,2,3
129,Burbank,D1S4a,a9hckzxq,548,120,2,2,2,0,0,0,0,4,6
130,Burbank,D1S4a,coo1xr8c,471,120,2,1,2,1,0,0,0,2,6
131,Burbank,D1S4a,kx2twnpi,553,100,1,1,2,0,0,1,0,0,5
132,Burbank,D1S4a,kxd1odzn,518,80,2,2,0,0,0,0,0,3,4
133,Burbank,D1S4a,lxkz0itq,526,140,2,1,2,1,1,0,0,2,7
134,Burbank,D1S4a,ohejl30c,516,120,2,2,2,0,0,0,0,4,6
135,Burbank,D1S4a,th3myxcy,461,120,2,1,2,1,0,0,0,2,6
136,Burbank,D1S4a,thxqxl5c,466,40,2,0,0,0,0,0,0,2,2
137,Burbank,D1S4a,wkepssts,523,100,2,1,1,1,0,0,0,2,5
138,Burbank,D1S4a,zei62tus,376,140,2,2,1,2,0,0,0,3,7
139,Burbank,D1S4b,7q69f3gy,516,180,2,2,2,2,1,0,0,5,9
140,Burbank,D1S4b,9930057s,406,140,2,2,2,1,0,0,0,4,7
141,Burbank,D1S4b,9y2ap0q3,371,180,2,2,2,2,1,0,0,5,9
142,Burbank,D1S4b,e4oia824,516,160,1,2,2,1,1,1,0,0,8
143,Burbank,D1S4b,ggvjkbss,490,80,2,1,1,0,0,0,0,2,4
144,Burbank,D1S4b,kpcw248p,353,60,2,1,0,0,0,0,0,2,3
145,Burbank,D1S4b,l168ak2v,516,40,2,0,0,0,0,0,0,2,2
146,Burbank,D1S4b,l6gx2cj6,543,120,2,2,2,0,0,0,0,4,6
147,Burbank,D1S4b,nktwu64q,543,80,2,2,0,0,0,0,0,3,4
148,Burbank,D1S4b,noecfkfu,516,100,2,1,0,1,1,0,0,2,5
149,Burbank,D1S4b,s4cltyim,521,140,2,1,2,2,0,0,0,2,7
150,Burbank,D1S5a,2p5dvpt2,442,100,2,2,1,0,0,0,0,3,5
151,Burbank,D1S5a,dq05rfes,520,160,2,2,1,1,1,1,0,3,8
152,Burbank,D1S5a,earybv5e,518,80,2,0,1,1,0,0,0,2,4
153,Burbank,D1S5a,fhunvdyc,543,40,2,0,0,0,0,0,0,2,2
154,Burbank,D1S5a,m2kbqgzb,548,180,2,2,2,2,1,0,0,5,9
155,Burbank,D1S5a,nnjvd8lb,522,80,2,0,1,1,0,0,0,2,4
156,Burbank,D1S5a,odgjdvy4,497,120,2,1,2,1,0,0,0,2,6
157,Burbank,D1S5a,pqa2ney7,516,200,2,2,2,2,2,0,0,6,10
158,Burbank,D1S5b,3cv35vud,538,80,2,0,2,0,0,0,0,2,4
159,Burbank,D1S5b,dy4kl3w8,508,100,2,2,1,0,0,0,0,3,5
160,Burbank,D1S5b,ecc7x9lt,528,120,2,1,1,1,1,0,0,2,6
161,Burbank,D1S5b,isvd5n4b,496,100,1,2,1,1,0,0,0,0,5
162,Burbank,D1S5b,mx02xx2u,469,100,2,2,1,0,0,0,0,3,5
163,Burbank,D1S5b,pwngyw45,558,140,2,2,2,1,0,0,0,4,7
164,Burbank,D1S5b,s06622yn,430,80,1,1,2,0,0,0,0,0,4
165,Burbank,D1S5b,x3v4qjb6,533,160,2,2,2,1,1,0,0,4,8
166,Burbank,D1S6a,64gmzn0k,556,100,2,2,0,1,0,0,0,3,5
167,Burbank,D1S6a,6xxajz89,526,140,2,2,1,2,0,0,0,3,7
168,Burbank,D1S6a,kv6ufapx,516,100,2,1,1,1,0,0,0,2,5
169,Burbank,D1S6a,n253ly04,426,60,2,0,1,0,0,0,0,2,3
170,Burbank,D1S6a,q69e96s5,496,60,2,1,0,0,0,0,0,2,3
171,Burbank,D1S6a,sh8d8xtl,511,160,2,2,2,2,0,0,0,5,8
172,Burbank,D1S6a,v1yzgqnq,353,100,1,2,2,0,0,0,0,0,5
173,Burbank,D1S6b,8630s6w5,516,100,2,2,1,0,0,0,0,3,5
174,Burbank,D1S6b,8txkmqtt,496,140,2,1,1,1,2,0,0,2,7
175,Burbank,D1S6b,k1g43qne,553,100,1,2,2,0,0,0,0,0,5
176,Burbank,D1S6b,kkrkzfcy,558,80,2,0,0,2,0,0,0,2,4
177,Burbank,D1S6b,n2jvyrec,481,160,2,2,2,2,0,0,0,5,8
178,Burbank,D1S6b,yv6bliu8,548,40,2,0,0,0,0,0,0,2,2
179,Burbank,D2S1a,5m66aqwf,447,80,2,2,0,0,0,0,0,3,4
180,Burbank,D2S1a,6011qymk,548,100,2,2,1,0,0,0,0,3,5
181,Burbank,D2S1a,6l5ucuox,521,140,2,2,1,1,1,0,0,3,7
182,Burbank,D2S1a,bu1qnevk,516,60,2,1,0,0,0,0,0,2,3
183,Burbank,D2S1a,dk40b14x,558,80,2,1,1,0,0,0,0,2,4
184,Burbank,D2S1a,jli1fk21,336,100,2,2,1,0,0,0,0,3,5
185,Burbank,D2S1a,tfuo7enr,371,80,1,0,1,2,0,0,0,0,4
186,Burbank,D2S1a,tl46n06l,516,100,1,1,1,2,0,0,0,0,5
187,Burbank,D2S1a,xm5bqh0s,523,120,2,2,1,0,1,0,0,3,6
188,Burbank,D2S1b,1ut7svzw,516,80,2,0,2,0,0,0,0,2,4
189,Burbank,D2S1b,4y463523,523,160,1,2,2,2,1,0,0,0,8
190,Burbank,D2S1b,5b8d9fwf,558,100,2,1,2,0,0,0,0,2,5
191,Burbank,D2S1b,ag1gkvma,516,100,2,2,0,1,0,0,0,3,5
192,Burbank,D2S1b,dc1pu953,496,100,2,2,1,0,0,0,0,3,5
193,Burbank,D2S1b,lxtj0wnw,505,140,2,2,2,1,0,0,0,4,7
194,Burbank,D2S1b,mzlp2dp5,513,40,1,1,0,0,0,0,0,0,2
195,Burbank,D2S1b,tknxv0hv,516,120,2,2,1,1,0,0,0,3,6
196,Burbank,D2S1b,wvmwwpqw,516,160,2,2,1,2,0,1,0,3,8
197,Burbank,D2S2a,19n9q2ei,516,80,2,2,0,0,0,0,0,3,4
198,Burbank,D2S2a,3frs3wxz,558,60,2,0,0,0,1,0,0,2,3
199,Burbank,D2S2a,5do9lspy,538,160,1,2,2,2,1,0,0,0,8
200,Burbank,D2S2a,6fuqpyn0,516,160,2,2,1,2,1,0,0,3,8
201,Burbank,D2S2a,gimaqipa,558,160,2,2,2,1,1,0,0,4,8
202,Burbank,D2S2a,j9bchpv5,518,60,1,0,1,1,0,0,0,0,3
203,Burbank,D2S2a,noif77xp,543,100,1,2,0,0,1,1,0,0,5
204,Burbank,D2S2a,rn39l4is,526,140,2,1,2,2,0,0,0,2,7
205,Burbank,D2S2a,vw3q4vds,548,200,1,2,2,2,2,1,0,0,10
206,Burbank,D2S2b,0e3we6vt,351,20,0,1,0,0,0,0,0,0,1
207,Burbank,D2S2b,1ouo0i2u,516,160,2,2,1,2,1,0,0,3,8
208,Burbank,D2S2b,99jziehz,558,180,2,2,2,1,1,1,0,4,9
209,Burbank,D2S2b,ignj8w14,526,120,2,2,0,1,1,0,0,3,6
210,Burbank,D2S2b,iul4vpdz,516,160,2,2,2,1,1,0,0,4,8
211,Burbank,D2S2b,kq2ka3ln,516,120,2,1,2,1,0,0,0,2,6
212,Burbank,D2S2b,m2jts4f4,496,100,2,2,1,0,0,0,0,3,5
213,Burbank,D2S2b,miw7moqh,516,120,2,2,1,0,1,0,0,3,6
214,Burbank,D2S2b,qpt0x4qe,558,180,2,2,2,2,1,0,0,5,9
215,Burbank,D2S2b,zrebyjfh,517,160,2,2,2,2,0,0,0,5,8
216,Burbank,D2S3a,a0rnf5jo,516,100,2,2,1,0,0,0,0,3,5
217,Burbank,D2S3a,e8x2g98y,538,100,2,1,1,0,1,0,0,2,5
218,Burbank,D2S3a,fto09q05,558,200,2,2,0,2,2,2,0,3,10
219,Burbank,D2S3a,i6uwxusv,410,80,2,2,0,0,0,0,0,3,4
220,Burbank,D2S3a,jg8n6o5d,558,60,2,0,1,0,0,0,0,2,3
221,Burbank,D2S3a,lcojx99i,520,200,2,2,2,2,2,0,0,6,10
222,Burbank,D2S3a,m0b65r2c,558,140,2,2,2,0,1,0,0,4,7
223,Burbank,D2S3a,yswsesro,406,100,1,2,1,1,0,0,0,0,5
224,Burbank,D2S3a,zxk7wn63,516,140,2,2,1,2,0,0,0,3,7
225,Burbank,D2S3b,08a1z4jw,506,180,2,2,2,2,1,0,0,5,9
226,Burbank,D2S3b,1debjyhj,528,120,2,1,2,1,0,0,0,2,6
227,Burbank,D2S3b,1jcs9dpr,533,140,2,2,1,1,1,0,0,3,7
228,Burbank,D2S3b,atxuba9s,548,120,2,2,2,0,0,0,0,4,6
229,Burbank,D2S3b,bf87nnsw,516,120,2,2,0,2,0,0,0,3,6
230,Burbank,D2S3b,jepwczwl,506,80,2,2,0,0,0,0,0,3,4
231,Burbank,D2S3b,ng500p60,546,140,1,2,2,2,0,0,0,0,7
232,Burbank,D2S3b,ohdc9hrt,508,120,1,2,2,1,0,0,0,0,6
233,Burbank,D2S3b,qoainqa5,551,80,2,1,0,1,0,0,0,2,4
234,Burbank,D2S3b,sl8ehq2z,538,180,2,1,2,2,2,0,0,2,9
235,Burbank,D2S4a,2sk6oxme,538,80,2,1,1,0,0,0,0,2,4
236,Burbank,D2S4a,kr1cymud,518,100,2,1,1,1,0,0,0,2,5
237,Burbank,D2S4a,l51fojm0,558,100,2,1,0,1,1,0,0,2,5
238,Burbank,D2S4a,qmqjcpry,558,120,2,1,1,1,1,0,0,2,6
239,Burbank,D2S4a,rgyogtk7,558,80,2,1,0,1,0,0,0,2,4
240,Burbank,D2S4a,s7s09kqe,548,100,2,2,1,0,0,0,0,3,5
241,Burbank,D2S4a,t0j3wvdt,528,180,2,2,2,2,0,1,0,5,9
242,Burbank,D2S4a,tr3wlw6o,518,160,2,2,2,1,1,0,0,4,8
243,Burbank,D2S4b,4rx9pfw0,558,100,2,2,1,0,0,0,0,3,5
244,Burbank,D2S4b,cm6rrzej,516,40,2,0,0,0,0,0,0,2,2
245,Burbank,D2S4b,f8j4uxj0,558,140,2,2,2,1,0,0,0,4,7
246,Burbank,D2S4b,hib9ydwy,548,180,2,2,2,1,0,2,0,4,9
247,Burbank,D2S4b,i6qjfwru,390,100,1,0,1,1,1,1,0,0,5
248,Burbank,D2S4b,keb9km3w,503,60,2,0,0,1,0,0,0,2,3
249,Burbank,D2S4b,n8wj10qg,547,160,2,2,2,2,0,0,0,5,8
250,Burbank,D2S4b,u59wlkpc,531,60,2,0,0,1,0,0,0,2,3
251,Burbank,D2S5a,0utvs6gc,533,120,2,2,2,0,0,0,0,4,6
252,Burbank,D2S5a,4ptf8vfv,516,60,2,0,1,0,0,0,0,2,3
253,Burbank,D2S5a,9eubdeen,553,180,2,2,2,2,1,0,0,5,9
254,Burbank,D2S5a,9ip0iiqt,396,100,2,2,1,0,0,0,0,3,5
255,Burbank,D2S5a,9oac3y4g,516,40,2,0,0,0,0,0,0,2,2
256,Burbank,D2S5a,baowggw4,548,160,2,2,2,2,0,0,0,5,8
257,Burbank,D2S5a,bqa24ehw,416,20,1,0,0,0,0,0,0,0,1
258,Burbank,D2S5a,xyl31nii,516,60,2,0,1,0,0,0,0,2,3
259,Burbank,D2S5a,zl1aj8rx,518,20,1,0,0,0,0,0,0,0,1
260,Burbank,D2S5b,4oe3xbdp,558,60,2,1,0,0,0,0,0,2,3
261,Burbank,D2S5b,4s1g6mry,558,140,2,2,2,0,1,0,0,4,7
262,Burbank,D2S5b,adfntlrf,511,100,2,2,1,0,0,0,0,3,5
263,Burbank,D2S5b,eyngma6v,516,40,2,0,0,0,0,0,0,2,2
264,Burbank,D2S5b,fa0hneur,433,20,1,0,0,0,0,0,0,0,1
265,Burbank,D2S5b,irv5tp1z,516,80,1,2,1,0,0,0,0,0,4
266,Burbank,D2S5b,pu7qil17,518,80,2,2,0,0,0,0,0,3,4
267,Burbank,D2S5b,si73c1rj,507,80,2,2,0,0,0,0,0,3,4
268,Burbank,D2S5b,u5ab3es2,518,80,2,1,1,0,0,0,0,2,4
269,Burbank,D2S6a,5r43vn60,558,80,2,1,0,1,0,0,0,2,4
270,Burbank,D2S6a,6wqperak,558,200,2,2,2,1,1,2,0,4,10
271,Burbank,D2S6a,en31ea25,553,180,2,2,2,2,1,0,0,5,9
272,Burbank,D2S6a,j5b8s6j2,530,60,1,2,0,0,0,0,0,0,3
273,Burbank,D2S6a,mjgt6fl5,553,120,2,1,1,1,1,0,0,2,6
274,Burbank,D2S6a,ncxydhyh,548,120,2,2,2,0,0,0,0,4,6
275,Burbank,D2S6a,sbviw9xh,553,60,1,1,1,0,0,0,0,0,3
276,Burbank,D2S6b,0w3gtnk5,510,120,2,2,1,1,0,0,0,3,6
277,Burbank,D2S6b,4zolqy95,558,120,1,2,1,0,2,0,0,0,6
278,Burbank,D2S6b,512prdu2,537,180,2,2,2,2,1,0,0,5,9
279,Burbank,D2S6b,crbx0n6k,521,160,2,2,1,2,1,0,0,3,8
280,Burbank,D2S6b,lg0rk9wb,521,120,2,2,1,1,0,0,0,3,6
281,Burbank,D2S6b,orbujnbu,513,180,2,2,2,1,2,0,0,4,9
282,Burbank,D2S6b,p0ap3rqq,553,40,1,0,1,0,0,0,0,0,2
283,Burbank,D2S6b,yjxdzlx5,558,120,2,2,1,1,0,0,0,3,6
284,Burbank,D3S1a,1xjh4kuc,558,160,2,2,2,2,0,0,0,5,8
285,Burbank,D3S1a,4p79jyy4,538,160,2,2,1,2,1,0,0,3,8
286,Burbank,D3S1a,9yh5h68a,513,140,2,2,2,1,0,0,0,4,7
287,Burbank,D3S1a,f5gjwe6v,437,160,2,2,2,2,0,0,0,5,8
288,Burbank,D3S1a,fr9cvkmq,558,40,1,0,0,1,0,0,0,0,2
289,Burbank,D3S1a,lm52wh33,558,160,2,2,2,1,1,0,0,4,8
290,Burbank,D3S1a,lwzguohg,558,80,2,1,1,0,0,0,0,2,4
291,Burbank,D3S1a,rjvce3az,516,80,2,1,0,0,1,0,0,2,4
292,Burbank,D3S1a,x719a3by,519,140,2,2,2,1,0,0,0,4,7
293,Burbank,D3S1b,07rqm0nm,503,80,1,2,1,0,0,0,0,0,4
294,Burbank,D3S1b,1flipg31,533,140,2,2,2,1,0,0,0,4,7
295,Burbank,D3S1b,3z7r6y4w,506,100,2,2,0,1,0,0,0,3,5
296,Burbank,D3S1b,56ho1se3,550,100,2,1,1,1,0,0,0,2,5
297,Burbank,D3S1b,5m1k418p,518,200,2,2,2,2,2,0,0,6,10
298,Burbank,D3S1b,brerdqcz,558,160,2,1,2,1,1,1,0,2,8
299,Burbank,D3S1b,efvi54fe,558,180,2,2,2,2,1,0,0,5,9
300,Burbank,D3S1b,ev9blazq,558,200,2,2,2,2,0,2,0,5,10
301,Burbank,D3S1b,j4sdwudt,558,140,2,2,2,0,1,0,0,4,7
302,Burbank,D3S1b,w50nstnk,530,180,2,2,2,1,2,0,0,4,9
303,Burbank,D3S2,dayyqx11,523,140,2,2,2,1,0,0,0,4,7
304,Burbank,D3S2,drx3mmrt,533,100,2,1,1,1,0,0,0,2,5
305,Burbank,D3S2,qpt1uojf,516,120,2,2,1,1,0,0,0,3,6
306,Burbank,D3S2,sc15gc6r,538,180,2,2,2,2,1,0,0,5,9
307,Burbank,D3S3a,jhkzwz6x,518,100,2,1,1,1,0,0,0,2,5
308,Burbank,D3S3a,juc3qixc,511,100,1,2,2,0,0,0,0,0,5
309,Burbank,D3S3a,l4biv726,518,80,2,1,1,0,0,0,0,2,4
310,Burbank,D3S3a,lif4mdum,391,100,1,1,2,1,0,0,0,0,5
311,Burbank,D3S3a,qqemoaip,459,60,2,1,0,0,0,0,0,2,3
312,Burbank,D3S3a,w78otykf,516,180,2,2,2,2,1,0,0,5,9
313,Burbank,D3S3a,zp5ekrg1,515,140,2,2,2,1,0,0,0,4,7
314,Burbank,D3S3b,fc2x6l05,532,120,2,2,2,0,0,0,0,4,6
315,Burbank,D3S3b,fxgg4n0q,518,140,2,2,2,1,0,0,0,4,7
316,Burbank,D3S3b,iv6cgjc3,516,80,2,2,0,0,0,0,0,3,4
317,Burbank,D3S3b,k474aoj0,515,120,2,1,1,0,1,1,0,2,6
318,Burbank,D3S3b,lk8mwa7p,531,80,2,2,0,0,0,0,0,3,4
319,Burbank,D3S3b,p1f0zqmd,538,40,2,0,0,0,0,0,0,2,2
320,Burbank,D3S3b,yjpob5pw,516,80,2,1,1,0,0,0,0,2,4
321,Burbank,D3S4a,0fqatoj3,510,80,2,1,0,1,0,0,0,2,4
322,Burbank,D3S4a,bp48yndg,543,80,2,2,0,0,0,0,0,3,4
323,Burbank,D3S4a,dof2osa5,523,40,2,0,0,0,0,0,0,2,2
324,Burbank,D3S4a,j2p7uazr,523,160,2,2,2,2,0,0,0,5,8
325,Burbank,D3S4a,k2tcpgli,537,180,2,2,2,2,1,0,0,5,9
326,Burbank,D3S4a,pacxpu0h,526,140,2,1,1,1,2,0,0,2,7
327,Burbank,D3S4a,v6xwgczf,547,40,0,1,1,0,0,0,0,0,2
328,Burbank,D3S4a,zg76tzcg,525,60,0,2,1,0,0,0,0,0,3
329,Burbank,D3S4b,2hmg90oc,556,60,2,1,0,0,0,0,0,2,3
330,Burbank,D3S4b,7tvyh0ri,516,120,2,2,1,1,0,0,0,3,6
331,Burbank,D3S4b,k5ia88qh,310,120,2,2,2,0,0,0,0,4,6
332,Burbank,D3S4b,kirs0g4x,528,120,2,2,2,0,0,0,0,4,6
333,Burbank,D3S4b,mj12d5yw,511,80,2,2,0,0,0,0,0,3,4
334,Burbank,D3S4b,s6o2a2ar,520,140,2,2,2,1,0,0,0,4,7
335,Burbank,D3S4b,sk00pqo6,516,100,2,1,1,0,1,0,0,2,5
336,Burbank,D3S4b,t9vbzhoh,472,100,2,2,0,1,0,0,0,3,5
337,Burbank,D3S5a,2lfe1whz,535,160,2,2,2,1,1,0,0,4,8
338,Burbank,D3S5a,c22hdltq,506,120,2,2,1,1,0,0,0,3,6
339,Burbank,D3S5a,jt25r97k,553,200,2,2,2,2,1,1,0,5,10
340,Burbank,D3S5a,klzhamb2,512,60,2,0,1,0,0,0,0,2,3
341,Burbank,D3S5a,nokru1oc,523,180,2,2,2,2,1,0,0,5,9
342,Burbank,D3S5a,pgrfx1eg,336,40,2,0,0,0,0,0,0,2,2
343,Burbank,D3S5a,rwwy7msm,543,100,2,2,1,0,0,0,0,3,5
344,Burbank,D3S5b,0qrpc4ng,516,80,1,1,2,0,0,0,0,0,4
345,Burbank,D3S5b,0wbss885,516,80,2,1,1,0,0,0,0,2,4
346,Burbank,D3S5b,0xy81exc,516,40,1,1,0,0,0,0,0,0,2
347,Burbank,D3S5b,1tmto8qj,516,200,2,2,2,1,2,1,0,4,10
348,Burbank,D3S5b,6lsixgxw,501,160,1,2,2,2,1,0,0,0,8
349,Burbank,D3S5b,ieqy5qg4,516,120,2,1,2,1,0,0,0,2,6
350,Burbank,D3S5b,x75mqu2k,115,0,0,0,0,0,0,0,0,0,0