,Location,SessionId,Version,Level,matchId,groupId,clientId,Grade,Gender,Number.Older.Siblings,Number.Younger.Siblings,payoff,PlayerName,seekIsland,seekTime,hideIsland,hideTime
1,LF,d1s3,Kinder,1,2,0,0,0,Male,0,0,0,Farmer,N/A,N/A,8,183645
2,LF,d1s3,Kinder,1,2,0,3,0,Female,0,0,8,Pirate,8,16954,N/A,N/A
3,LF,d1s3,Kinder,1,2,1,6,0,Female,0,0,4,Farmer,N/A,N/A,4,128099
4,LF,d1s3,Kinder,1,2,1,8,0,Female,0,0,0,Pirate,8,33045,N/A,N/A
5,LF,d1s3,Kinder,1,2,2,4,0,Female,0,0,8,Pirate,8,19064,N/A,N/A
6,LF,d1s3,Kinder,1,2,2,7,0,Male,0,1,0,Farmer,N/A,N/A,8,153070
7,LF,d1s3,Kinder,1,2,3,2,0,Male,0,1,0,Pirate,8,59470,N/A,N/A
8,LF,d1s3,Kinder,1,2,3,5,0,Female,0,1,4,Farmer,N/A,N/A,4,134537
9,LF,d1s3,Kinder,1,2,4,1,0,Female,1,0,4,Pirate,4,28479,N/A,N/A
10,LF,d1s3,Kinder,1,2,4,9,0,Female,0,1,0,Farmer,N/A,N/A,4,115567
11,LF,d1s3,Kinder,1,3,0,0,0,Male,0,0,8,Pirate,8,27110,N/A,N/A
12,LF,d1s3,Kinder,1,3,0,3,0,Female,0,0,0,Farmer,N/A,N/A,8,34923
13,LF,d1s3,Kinder,1,3,1,6,0,Female,0,0,8,Pirate,8,39611,N/A,N/A
14,LF,d1s3,Kinder,1,3,1,8,0,Female,0,0,0,Farmer,N/A,N/A,8,5791
15,LF,d1s3,Kinder,1,3,2,4,0,Female,0,0,0,Farmer,N/A,N/A,8,18855
16,LF,d1s3,Kinder,1,3,2,7,0,Male,0,1,8,Pirate,8,6040,N/A,N/A
17,LF,d1s3,Kinder,1,3,3,2,0,Male,0,1,8,Farmer,N/A,N/A,8,7423
18,LF,d1s3,Kinder,1,3,3,5,0,Female,0,1,0,Pirate,4,41240,N/A,N/A
19,LF,d1s3,Kinder,1,3,4,1,0,Female,1,0,0,Farmer,N/A,N/A,8,14027
20,LF,d1s3,Kinder,1,3,4,9,0,Female,0,1,8,Pirate,8,13110,N/A,N/A
21,LF,d1s3,Kinder,1,4,0,0,0,Male,0,0,3,Farmer,N/A,N/A,3,24684
22,LF,d1s3,Kinder,1,4,0,3,0,Female,0,0,0,Pirate,8,30913,N/A,N/A
23,LF,d1s3,Kinder,1,4,1,6,0,Female,0,0,3,Farmer,N/A,N/A,3,20048
24,LF,d1s3,Kinder,1,4,1,8,0,Female,0,0,0,Pirate,8,19687,N/A,N/A
25,LF,d1s3,Kinder,1,4,2,4,0,Female,0,0,0,Pirate,8,14185,N/A,N/A
26,LF,d1s3,Kinder,1,4,2,7,0,Male,0,1,3,Farmer,N/A,N/A,3,9044
27,LF,d1s3,Kinder,1,4,3,2,0,Male,0,1,0,Pirate,8,5773,N/A,N/A
28,LF,d1s3,Kinder,1,4,3,5,0,Female,0,1,3,Farmer,N/A,N/A,3,17735
29,LF,d1s3,Kinder,1,4,4,1,0,Female,1,0,8,Pirate,8,36685,N/A,N/A
30,LF,d1s3,Kinder,1,4,4,9,0,Female,0,1,0,Farmer,N/A,N/A,8,6672
31,LF,d1s3,Kinder,1,5,0,0,0,Male,0,0,0,Pirate,3,25449,N/A,N/A
32,LF,d1s3,Kinder,1,5,0,3,0,Female,0,0,4,Farmer,N/A,N/A,4,15262
33,LF,d1s3,Kinder,1,5,1,6,0,Female,0,0,8,Pirate,8,47643,N/A,N/A
34,LF,d1s3,Kinder,1,5,1,8,0,Female,0,0,0,Farmer,N/A,N/A,8,10482
35,LF,d1s3,Kinder,1,5,2,4,0,Female,0,0,3,Farmer,N/A,N/A,3,19235
36,LF,d1s3,Kinder,1,5,2,7,0,Male,0,1,0,Pirate,8,9171,N/A,N/A
37,LF,d1s3,Kinder,1,5,3,2,0,Male,0,1,0,Farmer,N/A,N/A,4,5325
38,LF,d1s3,Kinder,1,5,3,5,0,Female,0,1,4,Pirate,4,7499,N/A,N/A
39,LF,d1s3,Kinder,1,5,4,1,0,Female,1,0,0,Farmer,N/A,N/A,4,9938
40,LF,d1s3,Kinder,1,5,4,9,0,Female,0,1,4,Pirate,4,28955,N/A,N/A
41,LF,d1s3,Kinder,1,6,0,0,0,Male,0,0,3,Farmer,N/A,N/A,3,7533
42,LF,d1s3,Kinder,1,6,0,3,0,Female,0,0,0,Pirate,4,8097,N/A,N/A
43,LF,d1s3,Kinder,1,6,1,6,0,Female,0,0,3,Farmer,N/A,N/A,3,20751
44,LF,d1s3,Kinder,1,6,1,8,0,Female,0,0,0,Pirate,4,14708,N/A,N/A
45,LF,d1s3,Kinder,1,6,2,4,0,Female,0,0,0,Pirate,3,52652,N/A,N/A
46,LF,d1s3,Kinder,1,6,2,7,0,Male,0,1,4,Farmer,N/A,N/A,4,5850
47,LF,d1s3,Kinder,1,6,3,2,0,Male,0,1,0,Pirate,4,5586,N/A,N/A
48,LF,d1s3,Kinder,1,6,3,5,0,Female,0,1,8,Farmer,N/A,N/A,8,6740
49,LF,d1s3,Kinder,1,6,4,1,0,Female,1,0,4,Pirate,4,18334,N/A,N/A
50,LF,d1s3,Kinder,1,6,4,9,0,Female,0,1,0,Farmer,N/A,N/A,4,7469
51,LF,d1s3,Kinder,1,7,0,0,0,Male,0,0,0,Pirate,4,19747,N/A,N/A
52,LF,d1s3,Kinder,1,7,0,3,0,Female,0,0,8,Farmer,N/A,N/A,8,32792
53,LF,d1s3,Kinder,1,7,1,6,0,Female,0,0,3,Pirate,3,2734,N/A,N/A
54,LF,d1s3,Kinder,1,7,1,8,0,Female,0,0,0,Farmer,N/A,N/A,3,7656
55,LF,d1s3,Kinder,1,7,2,4,0,Female,0,0,0,Farmer,N/A,N/A,8,7733
56,LF,d1s3,Kinder,1,7,2,7,0,Male,0,1,8,Pirate,8,4284,N/A,N/A
57,LF,d1s3,Kinder,1,7,3,2,0,Male,0,1,8,Farmer,N/A,N/A,8,5102
58,LF,d1s3,Kinder,1,7,3,5,0,Female,0,1,0,Pirate,4,20739,N/A,N/A
59,LF,d1s3,Kinder,1,7,4,1,0,Female,1,0,8,Farmer,N/A,N/A,8,9459
60,LF,d1s3,Kinder,1,7,4,9,0,Female,0,1,0,Pirate,3,6579,N/A,N/A
61,LF,d1s3,Kinder,1,8,0,0,0,Male,0,0,0,Farmer,N/A,N/A,8,13995
62,LF,d1s3,Kinder,1,8,0,3,0,Female,0,0,8,Pirate,8,9807,N/A,N/A
63,LF,d1s3,Kinder,1,8,1,6,0,Female,0,0,0,Farmer,N/A,N/A,4,25251
64,LF,d1s3,Kinder,1,8,1,8,0,Female,0,0,4,Pirate,4,19283,N/A,N/A
65,LF,d1s3,Kinder,1,8,2,4,0,Female,0,0,8,Pirate,8,10683,N/A,N/A
66,LF,d1s3,Kinder,1,8,2,7,0,Male,0,1,0,Farmer,N/A,N/A,8,5221
67,LF,d1s3,Kinder,1,8,3,2,0,Male,0,1,0,Pirate,3,4431,N/A,N/A
68,LF,d1s3,Kinder,1,8,3,5,0,Female,0,1,8,Farmer,N/A,N/A,8,19756
69,LF,d1s3,Kinder,1,8,4,1,0,Female,1,0,0,Pirate,3,8358,N/A,N/A
70,LF,d1s3,Kinder,1,8,4,9,0,Female,0,1,4,Farmer,N/A,N/A,4,8251
71,LF,d1s3,Kinder,1,9,0,0,0,Male,0,0,4,Pirate,4,14167,N/A,N/A
72,LF,d1s3,Kinder,1,9,0,3,0,Female,0,0,0,Farmer,N/A,N/A,4,5926
73,LF,d1s3,Kinder,1,9,1,6,0,Female,0,0,4,Pirate,4,8376,N/A,N/A
74,LF,d1s3,Kinder,1,9,1,8,0,Female,0,0,0,Farmer,N/A,N/A,4,25624
75,LF,d1s3,Kinder,1,9,2,4,0,Female,0,0,4,Farmer,N/A,N/A,4,10197
76,LF,d1s3,Kinder,1,9,2,7,0,Male,0,1,0,Pirate,8,6090,N/A,N/A
77,LF,d1s3,Kinder,1,9,3,2,0,Male,0,1,0,Farmer,N/A,N/A,3,2979
78,LF,d1s3,Kinder,1,9,3,5,0,Female,0,1,3,Pirate,3,13548,N/A,N/A
79,LF,d1s3,Kinder,1,9,4,1,0,Female,1,0,8,Farmer,N/A,N/A,8,17612
80,LF,d1s3,Kinder,1,9,4,9,0,Female,0,1,0,Pirate,3,6188,N/A,N/A
81,LF,d2s2,Kinder,1,2,0,1,0,Male,1,1,3,Farmer,N/A,N/A,3,11406
82,LF,d2s2,Kinder,1,2,0,7,0,Female,0,1,0,Pirate,8,36244,N/A,N/A
83,LF,d2s2,Kinder,1,2,1,0,0,Female,0,1,8,Farmer,N/A,N/A,8,24554
84,LF,d2s2,Kinder,1,2,1,8,0,Male,1,0,0,Pirate,3,12922,N/A,N/A
85,LF,d2s2,Kinder,1,2,2,2,0,Male,2,0,0,Farmer,N/A,N/A,8,31133
86,LF,d2s2,Kinder,1,2,2,3,0,Female,0,1,8,Pirate,8,36153,N/A,N/A
87,LF,d2s2,Kinder,1,2,3,5,0,Female,2,0,0,Farmer,N/A,N/A,8,58732
88,LF,d2s2,Kinder,1,2,3,6,0,Female,1,0,8,Pirate,8,23566,N/A,N/A
89,LF,d2s2,Kinder,1,2,4,4,0,Male,1,0,8,Farmer,N/A,N/A,8,58534
90,LF,d2s2,Kinder,1,2,4,9,0,Male,0,0,0,Pirate,4,11384,N/A,N/A
91,LF,d2s2,Kinder,1,3,0,1,0,Male,1,1,0,Pirate,4,13219,N/A,N/A
92,LF,d2s2,Kinder,1,3,0,7,0,Female,0,1,8,Farmer,N/A,N/A,8,15459
93,LF,d2s2,Kinder,1,3,1,0,0,Female,0,1,0,Pirate,4,10558,N/A,N/A
94,LF,d2s2,Kinder,1,3,1,8,0,Male,1,0,8,Farmer,N/A,N/A,8,13715
95,LF,d2s2,Kinder,1,3,2,2,0,Male,2,0,8,Pirate,8,25020,N/A,N/A
96,LF,d2s2,Kinder,1,3,2,3,0,Female,0,1,0,Farmer,N/A,N/A,8,12619
97,LF,d2s2,Kinder,1,3,3,5,0,Female,2,0,8,Pirate,8,50320,N/A,N/A
98,LF,d2s2,Kinder,1,3,3,6,0,Female,1,0,0,Farmer,N/A,N/A,8,16251
99,LF,d2s2,Kinder,1,3,4,4,0,Male,1,0,8,Pirate,8,15579,N/A,N/A
100,LF,d2s2,Kinder,1,3,4,9,0,Male,0,0,0,Farmer,N/A,N/A,8,8529
101,LF,d2s2,Kinder,1,4,0,1,0,Male,1,1,4,Farmer,N/A,N/A,4,11485
102,LF,d2s2,Kinder,1,4,0,7,0,Female,0,1,0,Pirate,3,13660,N/A,N/A
103,LF,d2s2,Kinder,1,4,1,0,0,Female,0,1,8,Farmer,N/A,N/A,8,18406
104,LF,d2s2,Kinder,1,4,1,8,0,Male,1,0,0,Pirate,4,15832,N/A,N/A
105,LF,d2s2,Kinder,1,4,2,2,0,Male,2,0,8,Farmer,N/A,N/A,8,2979
106,LF,d2s2,Kinder,1,4,2,3,0,Female,0,1,0,Pirate,4,30843,N/A,N/A
107,LF,d2s2,Kinder,1,4,3,5,0,Female,2,0,4,Farmer,N/A,N/A,4,44867
108,LF,d2s2,Kinder,1,4,3,6,0,Female,1,0,0,Pirate,8,20110,N/A,N/A
109,LF,d2s2,Kinder,1,4,4,4,0,Male,1,0,3,Farmer,N/A,N/A,3,16599
110,LF,d2s2,Kinder,1,4,4,9,0,Male,0,0,0,Pirate,8,7049,N/A,N/A
111,LF,d2s2,Kinder,1,5,0,1,0,Male,1,1,4,Pirate,4,11313,N/A,N/A
112,LF,d2s2,Kinder,1,5,0,7,0,Female,0,1,0,Farmer,N/A,N/A,4,6497
113,LF,d2s2,Kinder,1,5,1,0,0,Female,0,1,0,Pirate,8,10528,N/A,N/A
114,LF,d2s2,Kinder,1,5,1,8,0,Male,1,0,4,Farmer,N/A,N/A,4,11518
115,LF,d2s2,Kinder,1,5,2,2,0,Male,2,0,0,Pirate,8,19408,N/A,N/A
116,LF,d2s2,Kinder,1,5,2,3,0,Female,0,1,3,Farmer,N/A,N/A,3,6001
117,LF,d2s2,Kinder,1,5,3,5,0,Female,2,0,4,Pirate,4,29242,N/A,N/A
118,LF,d2s2,Kinder,1,5,3,6,0,Female,1,0,0,Farmer,N/A,N/A,4,5938
119,LF,d2s2,Kinder,1,5,4,4,0,Male,1,0,0,Pirate,4,6419,N/A,N/A
120,LF,d2s2,Kinder,1,5,4,9,0,Male,0,0,3,Farmer,N/A,N/A,3,6346
121,LF,d2s2,Kinder,1,6,0,1,0,Male,1,1,0,Farmer,N/A,N/A,4,6032
122,LF,d2s2,Kinder,1,6,0,7,0,Female,0,1,4,Pirate,4,13137,N/A,N/A
123,LF,d2s2,Kinder,1,6,1,0,0,Female,0,1,8,Farmer,N/A,N/A,8,8935
124,LF,d2s2,Kinder,1,6,1,8,0,Male,1,0,0,Pirate,3,11941,N/A,N/A
125,LF,d2s2,Kinder,1,6,2,2,0,Male,2,0,0,Farmer,N/A,N/A,8,23538
126,LF,d2s2,Kinder,1,6,2,3,0,Female,0,1,8,Pirate,8,10835,N/A,N/A
127,LF,d2s2,Kinder,1,6,3,5,0,Female,2,0,3,Farmer,N/A,N/A,3,25314
128,LF,d2s2,Kinder,1,6,3,6,0,Female,1,0,0,Pirate,8,7592,N/A,N/A
129,LF,d2s2,Kinder,1,6,4,4,0,Male,1,0,4,Farmer,N/A,N/A,4,6291
130,LF,d2s2,Kinder,1,6,4,9,0,Male,0,0,0,Pirate,3,25517,N/A,N/A
131,LF,d2s2,Kinder,1,7,0,1,0,Male,1,1,4,Pirate,4,24329,N/A,N/A
132,LF,d2s2,Kinder,1,7,0,7,0,Female,0,1,0,Farmer,N/A,N/A,4,5387
133,LF,d2s2,Kinder,1,7,1,0,0,Female,0,1,0,Pirate,8,16412,N/A,N/A
134,LF,d2s2,Kinder,1,7,1,8,0,Male,1,0,3,Farmer,N/A,N/A,3,18870
135,LF,d2s2,Kinder,1,7,2,2,0,Male,2,0,0,Pirate,8,14628,N/A,N/A
136,LF,d2s2,Kinder,1,7,2,3,0,Female,0,1,4,Farmer,N/A,N/A,4,11386
137,LF,d2s2,Kinder,1,7,3,5,0,Female,2,0,3,Pirate,3,8782,N/A,N/A
138,LF,d2s2,Kinder,1,7,3,6,0,Female,1,0,0,Farmer,N/A,N/A,3,51888
139,LF,d2s2,Kinder,1,7,4,4,0,Male,1,0,0,Pirate,3,4096,N/A,N/A
140,LF,d2s2,Kinder,1,7,4,9,0,Male,0,0,8,Farmer,N/A,N/A,8,7870
141,LF,d2s2,Kinder,1,8,0,1,0,Male,1,1,8,Farmer,N/A,N/A,8,7282
142,LF,d2s2,Kinder,1,8,0,7,0,Female,0,1,0,Pirate,4,13992,N/A,N/A
143,LF,d2s2,Kinder,1,8,1,0,0,Female,0,1,0,Farmer,N/A,N/A,8,18025
144,LF,d2s2,Kinder,1,8,1,8,0,Male,1,0,8,Pirate,8,9354,N/A,N/A
145,LF,d2s2,Kinder,1,8,2,2,0,Male,2,0,0,Farmer,N/A,N/A,8,4779
146,LF,d2s2,Kinder,1,8,2,3,0,Female,0,1,8,Pirate,8,15859,N/A,N/A
147,LF,d2s2,Kinder,1,8,3,5,0,Female,2,0,3,Farmer,N/A,N/A,3,32202
148,LF,d2s2,Kinder,1,8,3,6,0,Female,1,0,0,Pirate,4,15416,N/A,N/A
149,LF,d2s2,Kinder,1,8,4,4,0,Male,1,0,8,Farmer,N/A,N/A,8,6889
150,LF,d2s2,Kinder,1,8,4,9,0,Male,0,0,0,Pirate,3,18512,N/A,N/A
151,LF,d2s2,Kinder,1,9,0,1,0,Male,1,1,0,Pirate,8,6500,N/A,N/A
152,LF,d2s2,Kinder,1,9,0,7,0,Female,0,1,4,Farmer,N/A,N/A,4,7511
153,LF,d2s2,Kinder,1,9,1,0,0,Female,0,1,0,Pirate,8,9419,N/A,N/A
154,LF,d2s2,Kinder,1,9,1,8,0,Male,1,0,3,Farmer,N/A,N/A,3,5205
155,LF,d2s2,Kinder,1,9,2,2,0,Male,2,0,0,Pirate,8,2883,N/A,N/A
156,LF,d2s2,Kinder,1,9,2,3,0,Female,0,1,3,Farmer,N/A,N/A,3,12804
157,LF,d2s2,Kinder,1,9,3,5,0,Female,2,0,0,Pirate,4,18375,N/A,N/A
158,LF,d2s2,Kinder,1,9,3,6,0,Female,1,0,8,Farmer,N/A,N/A,8,4239
159,LF,d2s2,Kinder,1,9,4,4,0,Male,1,0,0,Pirate,4,9153,N/A,N/A
160,LF,d2s2,Kinder,1,9,4,9,0,Male,0,0,3,Farmer,N/A,N/A,3,5125
161,LF,d2s2,Kinder,1,10,0,1,0,Male,1,1,0,Farmer,N/A,N/A,8,3047
162,LF,d2s2,Kinder,1,10,0,7,0,Female,0,1,8,Pirate,8,8328,N/A,N/A
163,LF,d2s2,Kinder,1,10,1,0,0,Female,0,1,8,Farmer,N/A,N/A,8,23459
164,LF,d2s2,Kinder,1,10,1,8,0,Male,1,0,0,Pirate,4,7725,N/A,N/A
165,LF,d2s2,Kinder,1,10,2,2,0,Male,2,0,8,Farmer,N/A,N/A,8,16212
166,LF,d2s2,Kinder,1,10,2,3,0,Female,0,1,0,Pirate,4,10416,N/A,N/A
167,LF,d2s2,Kinder,1,10,3,5,0,Female,2,0,8,Farmer,N/A,N/A,8,19432
168,LF,d2s2,Kinder,1,10,3,6,0,Female,1,0,0,Pirate,3,18087,N/A,N/A
169,LF,d2s2,Kinder,1,10,4,4,0,Male,1,0,0,Farmer,N/A,N/A,3,3266
170,LF,d2s2,Kinder,1,10,4,9,0,Male,0,0,3,Pirate,3,11028,N/A,N/A
171,LF,d2s2,Kinder,1,11,0,1,0,Male,1,1,8,Pirate,8,4000,N/A,N/A
172,LF,d2s2,Kinder,1,11,0,7,0,Female,0,1,0,Farmer,N/A,N/A,8,3812
173,LF,d2s2,Kinder,1,11,1,0,0,Female,0,1,0,Pirate,8,12228,N/A,N/A
174,LF,d2s2,Kinder,1,11,1,8,0,Male,1,0,4,Farmer,N/A,N/A,4,7065
175,LF,d2s2,Kinder,1,11,2,2,0,Male,2,0,0,Pirate,8,28808,N/A,N/A
176,LF,d2s2,Kinder,1,11,2,3,0,Female,0,1,4,Farmer,N/A,N/A,4,9598
177,LF,d2s2,Kinder,1,11,3,5,0,Female,2,0,0,Pirate,4,8379,N/A,N/A
178,LF,d2s2,Kinder,1,11,3,6,0,Female,1,0,8,Farmer,N/A,N/A,8,5981
179,LF,d2s2,Kinder,1,11,4,4,0,Male,1,0,0,Pirate,8,4289,N/A,N/A
180,LF,d2s2,Kinder,1,11,4,9,0,Male,0,0,4,Farmer,N/A,N/A,4,5107
181,LF,d2s2,Kinder,1,12,0,1,0,Male,1,1,0,Farmer,N/A,N/A,8,5813
182,LF,d2s2,Kinder,1,12,0,7,0,Female,0,1,8,Pirate,8,11157,N/A,N/A
183,LF,d2s2,Kinder,1,12,1,0,0,Female,0,1,0,Farmer,N/A,N/A,8,11585
184,LF,d2s2,Kinder,1,12,1,8,0,Male,1,0,8,Pirate,8,5234,N/A,N/A
185,LF,d2s2,Kinder,1,12,2,2,0,Male,2,0,8,Farmer,N/A,N/A,8,5739
186,LF,d2s2,Kinder,1,12,2,3,0,Female,0,1,0,Pirate,3,8360,N/A,N/A
187,LF,d2s2,Kinder,1,12,3,5,0,Female,2,0,0,Farmer,N/A,N/A,3,9186
188,LF,d2s2,Kinder,1,12,3,6,0,Female,1,0,3,Pirate,3,7453,N/A,N/A
189,LF,d2s2,Kinder,1,12,4,4,0,Male,1,0,8,Farmer,N/A,N/A,8,5894
190,LF,d2s2,Kinder,1,12,4,9,0,Male,0,0,0,Pirate,4,19810,N/A,N/A
191,LF,d2s2,Kinder,1,13,0,1,0,Male,1,1,8,Pirate,8,3563,N/A,N/A
192,LF,d2s2,Kinder,1,13,0,7,0,Female,0,1,0,Farmer,N/A,N/A,8,2625
193,LF,d2s2,Kinder,1,13,1,0,0,Female,0,1,8,Pirate,8,6077,N/A,N/A
194,LF,d2s2,Kinder,1,13,1,8,0,Male,1,0,0,Farmer,N/A,N/A,8,10397
195,LF,d2s2,Kinder,1,13,2,2,0,Male,2,0,0,Pirate,8,4322,N/A,N/A
196,LF,d2s2,Kinder,1,13,2,3,0,Female,0,1,4,Farmer,N/A,N/A,4,7778
197,LF,d2s2,Kinder,1,13,3,5,0,Female,2,0,0,Pirate,8,12346,N/A,N/A
198,LF,d2s2,Kinder,1,13,3,6,0,Female,1,0,4,Farmer,N/A,N/A,4,4380
199,LF,d2s2,Kinder,1,13,4,4,0,Male,1,0,0,Pirate,4,2937,N/A,N/A
200,LF,d2s2,Kinder,1,13,4,9,0,Male,0,0,8,Farmer,N/A,N/A,8,14069
201,LF,d3s3,Kinder,1,2,0,0,1,Female,N/A,N/A,4,Farmer,N/A,N/A,4,12187
202,LF,d3s3,Kinder,1,2,0,8,1,Female,N/A,N/A,0,Pirate,3,42427,N/A,N/A
203,LF,d3s3,Kinder,1,2,1,3,1,Male,0,0,0,Farmer,N/A,N/A,3,8329
204,LF,d3s3,Kinder,1,2,1,5,1,Female,N/A,N/A,3,Pirate,3,4430,N/A,N/A
205,LF,d3s3,Kinder,1,2,2,2,1,Female,N/A,N/A,8,Farmer,N/A,N/A,8,7752
206,LF,d3s3,Kinder,1,2,2,4,1,Female,N/A,N/A,0,Pirate,4,5724,N/A,N/A
207,LF,d3s3,Kinder,1,2,3,6,1,Male,0,1,0,Pirate,4,22771,N/A,N/A
208,LF,d3s3,Kinder,1,2,3,9,1,Male,N/A,N/A,3,Farmer,N/A,N/A,3,15745
209,LF,d3s3,Kinder,1,2,4,1,1,Male,1,0,4,Pirate,4,42402,N/A,N/A
210,LF,d3s3,Kinder,1,2,4,7,1,Male,2,1,0,Farmer,N/A,N/A,4,17582
211,LF,d3s3,Kinder,1,3,0,0,1,Female,N/A,N/A,3,Pirate,3,235653,N/A,N/A
212,LF,d3s3,Kinder,1,3,0,8,1,Female,N/A,N/A,0,Farmer,N/A,N/A,3,9160
213,LF,d3s3,Kinder,1,3,1,3,1,Male,0,0,0,Pirate,3,11985,N/A,N/A
214,LF,d3s3,Kinder,1,3,1,5,1,Female,N/A,N/A,8,Farmer,N/A,N/A,8,240275
215,LF,d3s3,Kinder,1,3,2,2,1,Female,N/A,N/A,3,Pirate,3,7436,N/A,N/A
216,LF,d3s3,Kinder,1,3,2,4,1,Female,N/A,N/A,0,Farmer,N/A,N/A,3,36318
217,LF,d3s3,Kinder,1,3,3,6,1,Male,0,1,8,Farmer,N/A,N/A,8,14442
218,LF,d3s3,Kinder,1,3,3,9,1,Male,N/A,N/A,0,Pirate,3,11680,N/A,N/A
219,LF,d3s3,Kinder,1,3,4,1,1,Male,1,0,0,Farmer,N/A,N/A,8,125348
220,LF,d3s3,Kinder,1,3,4,7,1,Male,2,1,8,Pirate,8,102154,N/A,N/A
221,LF,d3s3,Kinder,1,4,0,0,1,Female,N/A,N/A,8,Farmer,N/A,N/A,8,5138
222,LF,d3s3,Kinder,1,4,0,8,1,Female,N/A,N/A,0,Pirate,3,7928,N/A,N/A
223,LF,d3s3,Kinder,1,4,1,3,1,Male,0,0,4,Farmer,N/A,N/A,4,6532
224,LF,d3s3,Kinder,1,4,1,5,1,Female,N/A,N/A,0,Pirate,8,33107,N/A,N/A
225,LF,d3s3,Kinder,1,4,2,2,1,Female,N/A,N/A,3,Farmer,N/A,N/A,3,7341
226,LF,d3s3,Kinder,1,4,2,4,1,Female,N/A,N/A,0,Pirate,8,25126,N/A,N/A
227,LF,d3s3,Kinder,1,4,3,6,1,Male,0,1,8,Pirate,8,10354,N/A,N/A
228,LF,d3s3,Kinder,1,4,3,9,1,Male,N/A,N/A,0,Farmer,N/A,N/A,8,13872
229,LF,d3s3,Kinder,1,4,4,1,1,Male,1,0,3,Pirate,3,28984,N/A,N/A
230,LF,d3s3,Kinder,1,4,4,7,1,Male,2,1,0,Farmer,N/A,N/A,3,15442
231,LF,d3s3,Kinder,1,5,0,0,1,Female,N/A,N/A,0,Pirate,3,10383,N/A,N/A
232,LF,d3s3,Kinder,1,5,0,8,1,Female,N/A,N/A,8,Farmer,N/A,N/A,8,19407
233,LF,d3s3,Kinder,1,5,1,3,1,Male,0,0,0,Pirate,3,4391,N/A,N/A
234,LF,d3s3,Kinder,1,5,1,5,1,Female,N/A,N/A,4,Farmer,N/A,N/A,4,5604
235,LF,d3s3,Kinder,1,5,2,2,1,Female,N/A,N/A,0,Pirate,8,6857,N/A,N/A
236,LF,d3s3,Kinder,1,5,2,4,1,Female,N/A,N/A,4,Farmer,N/A,N/A,4,10295
237,LF,d3s3,Kinder,1,5,3,6,1,Male,0,1,4,Farmer,N/A,N/A,4,11880
238,LF,d3s3,Kinder,1,5,3,9,1,Male,N/A,N/A,0,Pirate,8,5541,N/A,N/A
239,LF,d3s3,Kinder,1,5,4,1,1,Male,1,0,8,Farmer,N/A,N/A,8,40900
240,LF,d3s3,Kinder,1,5,4,7,1,Male,2,1,0,Pirate,4,5460,N/A,N/A
241,LF,d3s3,Kinder,1,6,0,0,1,Female,N/A,N/A,3,Farmer,N/A,N/A,3,5493
242,LF,d3s3,Kinder,1,6,0,8,1,Female,N/A,N/A,0,Pirate,8,33107,N/A,N/A
243,LF,d3s3,Kinder,1,6,1,3,1,Male,0,0,0,Farmer,N/A,N/A,4,17173
244,LF,d3s3,Kinder,1,6,1,5,1,Female,N/A,N/A,4,Pirate,4,22526,N/A,N/A
245,LF,d3s3,Kinder,1,6,2,2,1,Female,N/A,N/A,4,Farmer,N/A,N/A,4,4186
246,LF,d3s3,Kinder,1,6,2,4,1,Female,N/A,N/A,0,Pirate,3,3984,N/A,N/A
247,LF,d3s3,Kinder,1,6,3,6,1,Male,0,1,0,Pirate,8,18397,N/A,N/A
248,LF,d3s3,Kinder,1,6,3,9,1,Male,N/A,N/A,4,Farmer,N/A,N/A,4,9999
249,LF,d3s3,Kinder,1,6,4,1,1,Male,1,0,8,Pirate,8,22051,N/A,N/A
250,LF,d3s3,Kinder,1,6,4,7,1,Male,2,1,0,Farmer,N/A,N/A,8,7282
251,LF,d3s3,Kinder,1,7,0,0,1,Female,N/A,N/A,0,Pirate,4,8199,N/A,N/A
252,LF,d3s3,Kinder,1,7,0,8,1,Female,N/A,N/A,8,Farmer,N/A,N/A,8,54233
253,LF,d3s3,Kinder,1,7,1,3,1,Male,0,0,0,Pirate,4,17063,N/A,N/A
254,LF,d3s3,Kinder,1,7,1,5,1,Female,N/A,N/A,8,Farmer,N/A,N/A,8,4764
255,LF,d3s3,Kinder,1,7,2,2,1,Female,N/A,N/A,0,Pirate,4,8099,N/A,N/A
256,LF,d3s3,Kinder,1,7,2,4,1,Female,N/A,N/A,3,Farmer,N/A,N/A,3,10577
257,LF,d3s3,Kinder,1,7,3,6,1,Male,0,1,3,Farmer,N/A,N/A,3,4666
258,LF,d3s3,Kinder,1,7,3,9,1,Male,N/A,N/A,0,Pirate,4,5550,N/A,N/A
259,LF,d3s3,Kinder,1,7,4,1,1,Male,1,0,8,Farmer,N/A,N/A,8,32733
260,LF,d3s3,Kinder,1,7,4,7,1,Male,2,1,0,Pirate,3,6253,N/A,N/A
261,LF,d3s3,Kinder,1,8,0,0,1,Female,N/A,N/A,0,Farmer,N/A,N/A,4,8020
262,LF,d3s3,Kinder,1,8,0,8,1,Female,N/A,N/A,4,Pirate,4,7493,N/A,N/A
263,LF,d3s3,Kinder,1,8,1,3,1,Male,0,0,0,Farmer,N/A,N/A,8,9141
264,LF,d3s3,Kinder,1,8,1,5,1,Female,N/A,N/A,8,Pirate,8,9385,N/A,N/A
265,LF,d3s3,Kinder,1,8,2,2,1,Female,N/A,N/A,3,Farmer,N/A,N/A,3,5789
266,LF,d3s3,Kinder,1,8,2,4,1,Female,N/A,N/A,0,Pirate,8,5226,N/A,N/A
267,LF,d3s3,Kinder,1,8,3,6,1,Male,0,1,0,Pirate,3,14702,N/A,N/A
268,LF,d3s3,Kinder,1,8,3,9,1,Male,N/A,N/A,4,Farmer,N/A,N/A,4,55448
269,LF,d3s3,Kinder,1,8,4,1,1,Male,1,0,0,Pirate,3,30208,N/A,N/A
270,LF,d3s3,Kinder,1,8,4,7,1,Male,2,1,4,Farmer,N/A,N/A,4,6703
271,LF,d4s2,Kinder,1,2,0,0,0,Female,0,1,0,Farmer,N/A,N/A,8,20754
272,LF,d4s2,Kinder,1,2,0,2,0,Female,1,0,8,Pirate,8,5097,N/A,N/A
273,LF,d4s2,Kinder,1,2,1,5,0,Male,1,0,8,Pirate,8,10012,N/A,N/A
274,LF,d4s2,Kinder,1,2,1,11,0,Male,1,1,0,Farmer,N/A,N/A,8,7100
275,LF,d4s2,Kinder,1,2,2,1,0,Male,0,2,0,Pirate,4,93411,N/A,N/A
276,LF,d4s2,Kinder,1,2,2,10,0,Male,0,1,8,Farmer,N/A,N/A,8,10381
277,LF,d4s2,Kinder,1,2,3,3,0,Male,1,0,0,Farmer,N/A,N/A,8,17131
278,LF,d4s2,Kinder,1,2,3,8,0,Female,0,1,8,Pirate,8,46852,N/A,N/A
279,LF,d4s2,Kinder,1,2,4,6,0,Male,1,0,0,Farmer,N/A,N/A,8,12079
280,LF,d4s2,Kinder,1,2,4,9,0,Female,0,1,8,Pirate,8,10063,N/A,N/A
281,LF,d4s2,Kinder,1,2,5,4,0,Female,2,0,8,Pirate,8,11595,N/A,N/A
282,LF,d4s2,Kinder,1,2,5,7,0,Female,1,0,0,Farmer,N/A,N/A,8,11744
283,LF,d4s2,Kinder,1,3,0,0,0,Female,0,1,0,Pirate,3,26280,N/A,N/A
284,LF,d4s2,Kinder,1,3,0,2,0,Female,1,0,8,Farmer,N/A,N/A,8,15402
285,LF,d4s2,Kinder,1,3,1,5,0,Male,1,0,0,Farmer,N/A,N/A,8,6046
286,LF,d4s2,Kinder,1,3,1,11,0,Male,1,1,8,Pirate,8,4562,N/A,N/A
287,LF,d4s2,Kinder,1,3,2,1,0,Male,0,2,4,Farmer,N/A,N/A,4,19394
288,LF,d4s2,Kinder,1,3,2,10,0,Male,0,1,0,Pirate,3,23869,N/A,N/A
289,LF,d4s2,Kinder,1,3,3,3,0,Male,1,0,3,Pirate,3,22804,N/A,N/A
290,LF,d4s2,Kinder,1,3,3,8,0,Female,0,1,0,Farmer,N/A,N/A,3,30852
291,LF,d4s2,Kinder,1,3,4,6,0,Male,1,0,0,Pirate,3,19694,N/A,N/A
292,LF,d4s2,Kinder,1,3,4,9,0,Female,0,1,8,Farmer,N/A,N/A,8,6172
293,LF,d4s2,Kinder,1,3,5,4,0,Female,2,0,8,Farmer,N/A,N/A,8,9111
294,LF,d4s2,Kinder,1,3,5,7,0,Female,1,0,0,Pirate,4,21240,N/A,N/A
295,LF,d4s2,Kinder,1,4,0,0,0,Female,0,1,0,Farmer,N/A,N/A,4,24276
296,LF,d4s2,Kinder,1,4,0,2,0,Female,1,0,4,Pirate,4,6461,N/A,N/A
297,LF,d4s2,Kinder,1,4,1,5,0,Male,1,0,0,Pirate,8,10150,N/A,N/A
298,LF,d4s2,Kinder,1,4,1,11,0,Male,1,1,4,Farmer,N/A,N/A,4,11734
299,LF,d4s2,Kinder,1,4,2,1,0,Male,0,2,0,Pirate,8,14252,N/A,N/A
300,LF,d4s2,Kinder,1,4,2,10,0,Male,0,1,4,Farmer,N/A,N/A,4,21770
301,LF,d4s2,Kinder,1,4,3,3,0,Male,1,0,8,Farmer,N/A,N/A,8,10671
302,LF,d4s2,Kinder,1,4,3,8,0,Female,0,1,0,Pirate,3,8262,N/A,N/A
303,LF,d4s2,Kinder,1,4,4,6,0,Male,1,0,0,Farmer,N/A,N/A,3,15516
304,LF,d4s2,Kinder,1,4,4,9,0,Female,0,1,3,Pirate,3,10626,N/A,N/A
305,LF,d4s2,Kinder,1,4,5,4,0,Female,2,0,8,Pirate,8,3539,N/A,N/A
306,LF,d4s2,Kinder,1,4,5,7,0,Female,1,0,0,Farmer,N/A,N/A,8,29455
307,LF,d4s2,Kinder,1,5,0,0,0,Female,0,1,8,Pirate,8,40806,N/A,N/A
308,LF,d4s2,Kinder,1,5,0,2,0,Female,1,0,0,Farmer,N/A,N/A,8,5986
309,LF,d4s2,Kinder,1,5,1,5,0,Male,1,0,3,Farmer,N/A,N/A,3,35880
310,LF,d4s2,Kinder,1,5,1,11,0,Male,1,1,0,Pirate,4,3824,N/A,N/A
311,LF,d4s2,Kinder,1,5,2,1,0,Male,0,2,3,Farmer,N/A,N/A,3,4099
312,LF,d4s2,Kinder,1,5,2,10,0,Male,0,1,0,Pirate,4,11749,N/A,N/A
313,LF,d4s2,Kinder,1,5,3,3,0,Male,1,0,4,Pirate,4,27736,N/A,N/A
314,LF,d4s2,Kinder,1,5,3,8,0,Female,0,1,0,Farmer,N/A,N/A,4,19747
315,LF,d4s2,Kinder,1,5,4,6,0,Male,1,0,4,Pirate,4,17098,N/A,N/A
316,LF,d4s2,Kinder,1,5,4,9,0,Female,0,1,0,Farmer,N/A,N/A,4,26813
317,LF,d4s2,Kinder,1,5,5,4,0,Female,2,0,8,Farmer,N/A,N/A,8,8436
318,LF,d4s2,Kinder,1,5,5,7,0,Female,1,0,0,Pirate,3,7998,N/A,N/A
319,LF,d4s2,Kinder,1,6,0,0,0,Female,0,1,0,Farmer,N/A,N/A,3,54722
320,LF,d4s2,Kinder,1,6,0,2,0,Female,1,0,3,Pirate,3,10788,N/A,N/A
321,LF,d4s2,Kinder,1,6,1,5,0,Male,1,0,0,Pirate,8,16697,N/A,N/A
322,LF,d4s2,Kinder,1,6,1,11,0,Male,1,1,3,Farmer,N/A,N/A,3,4560
323,LF,d4s2,Kinder,1,6,2,1,0,Male,0,2,4,Pirate,4,18118,N/A,N/A
324,LF,d4s2,Kinder,1,6,2,10,0,Male,0,1,0,Farmer,N/A,N/A,4,15871
325,LF,d4s2,Kinder,1,6,3,3,0,Male,1,0,0,Farmer,N/A,N/A,4,4048
326,LF,d4s2,Kinder,1,6,3,8,0,Female,0,1,4,Pirate,4,15045,N/A,N/A
327,LF,d4s2,Kinder,1,6,4,6,0,Male,1,0,8,Farmer,N/A,N/A,8,9813
328,LF,d4s2,Kinder,1,6,4,9,0,Female,0,1,0,Pirate,4,14767,N/A,N/A
329,LF,d4s2,Kinder,1,6,5,4,0,Female,2,0,0,Pirate,4,4875,N/A,N/A
330,LF,d4s2,Kinder,1,6,5,7,0,Female,1,0,8,Farmer,N/A,N/A,8,14260
331,LF,d4s2,Kinder,1,7,0,0,0,Female,0,1,0,Pirate,4,84694,N/A,N/A
332,LF,d4s2,Kinder,1,7,0,2,0,Female,1,0,8,Farmer,N/A,N/A,8,6298
333,LF,d4s2,Kinder,1,7,1,5,0,Male,1,0,4,Farmer,N/A,N/A,4,9547
334,LF,d4s2,Kinder,1,7,1,11,0,Male,1,1,0,Pirate,3,5402,N/A,N/A
335,LF,d4s2,Kinder,1,7,2,1,0,Male,0,2,0,Farmer,N/A,N/A,3,15269
336,LF,d4s2,Kinder,1,7,2,10,0,Male,0,1,3,Pirate,3,9603,N/A,N/A
337,LF,d4s2,Kinder,1,7,3,3,0,Male,1,0,0,Pirate,8,28861,N/A,N/A
338,LF,d4s2,Kinder,1,7,3,8,0,Female,0,1,4,Farmer,N/A,N/A,4,50488
339,LF,d4s2,Kinder,1,7,4,6,0,Male,1,0,0,Pirate,8,9158,N/A,N/A
340,LF,d4s2,Kinder,1,7,4,9,0,Female,0,1,3,Farmer,N/A,N/A,3,17235
341,LF,d4s2,Kinder,1,7,5,4,0,Female,2,0,4,Farmer,N/A,N/A,4,9084
342,LF,d4s2,Kinder,1,7,5,7,0,Female,1,0,0,Pirate,8,7134,N/A,N/A
343,LF,d4s2,Kinder,1,8,0,0,0,Female,0,1,0,Farmer,N/A,N/A,3,23945
344,LF,d4s2,Kinder,1,8,0,2,0,Female,1,0,3,Pirate,3,21514,N/A,N/A
345,LF,d4s2,Kinder,1,8,1,5,0,Male,1,0,0,Pirate,3,5578,N/A,N/A
346,LF,d4s2,Kinder,1,8,1,11,0,Male,1,1,8,Farmer,N/A,N/A,8,22724
347,LF,d4s2,Kinder,1,8,2,1,0,Male,0,2,0,Pirate,3,11511,N/A,N/A
348,LF,d4s2,Kinder,1,8,2,10,0,Male,0,1,8,Farmer,N/A,N/A,8,18022
349,LF,d4s2,Kinder,1,8,3,3,0,Male,1,0,3,Farmer,N/A,N/A,3,14427
350,LF,d4s2,Kinder,1,8,3,8,0,Female,0,1,0,Pirate,8,7185,N/A,N/A
351,LF,d4s2,Kinder,1,8,4,6,0,Male,1,0,8,Farmer,N/A,N/A,8,26970
352,LF,d4s2,Kinder,1,8,4,9,0,Female,0,1,0,Pirate,3,13298,N/A,N/A
353,LF,d4s2,Kinder,1,8,5,4,0,Female,2,0,0,Pirate,3,6173,N/A,N/A
354,LF,d4s2,Kinder,1,8,5,7,0,Female,1,0,4,Farmer,N/A,N/A,4,5092
355,LF,d4s2,Kinder,1,9,0,0,0,Female,0,1,0,Pirate,4,70270,N/A,N/A
356,LF,d4s2,Kinder,1,9,0,2,0,Female,1,0,8,Farmer,N/A,N/A,8,5284
357,LF,d4s2,Kinder,1,9,1,5,0,Male,1,0,0,Farmer,N/A,N/A,8,9147
358,LF,d4s2,Kinder,1,9,1,11,0,Male,1,1,8,Pirate,8,4306,N/A,N/A
359,LF,d4s2,Kinder,1,9,2,1,0,Male,0,2,0,Farmer,N/A,N/A,8,6368
360,LF,d4s2,Kinder,1,9,2,10,0,Male,0,1,8,Pirate,8,10590,N/A,N/A
361,LF,d4s2,Kinder,1,9,3,3,0,Male,1,0,0,Pirate,4,25345,N/A,N/A
362,LF,d4s2,Kinder,1,9,3,8,0,Female,0,1,8,Farmer,N/A,N/A,8,29965
363,LF,d4s2,Kinder,1,9,4,6,0,Male,1,0,0,Pirate,3,42944,N/A,N/A
364,LF,d4s2,Kinder,1,9,4,9,0,Female,0,1,8,Farmer,N/A,N/A,8,18250
365,LF,d4s2,Kinder,1,9,5,4,0,Female,2,0,0,Farmer,N/A,N/A,3,11703
366,LF,d4s2,Kinder,1,9,5,7,0,Female,1,0,3,Pirate,3,17807,N/A,N/A
367,LF,d4s2,Kinder,1,10,0,0,0,Female,0,1,8,Farmer,N/A,N/A,8,7770
368,LF,d4s2,Kinder,1,10,0,2,0,Female,1,0,0,Pirate,4,26863,N/A,N/A
369,LF,d4s2,Kinder,1,10,1,5,0,Male,1,0,0,Pirate,8,21306,N/A,N/A
370,LF,d4s2,Kinder,1,10,1,11,0,Male,1,1,4,Farmer,N/A,N/A,4,38118
371,LF,d4s2,Kinder,1,10,2,1,0,Male,0,2,0,Pirate,8,59357,N/A,N/A
372,LF,d4s2,Kinder,1,10,2,10,0,Male,0,1,3,Farmer,N/A,N/A,3,11118
373,LF,d4s2,Kinder,1,10,3,3,0,Male,1,0,0,Farmer,N/A,N/A,3,10801
374,LF,d4s2,Kinder,1,10,3,8,0,Female,0,1,3,Pirate,3,9756,N/A,N/A
375,LF,d4s2,Kinder,1,10,4,6,0,Male,1,0,4,Farmer,N/A,N/A,4,17849
376,LF,d4s2,Kinder,1,10,4,9,0,Female,0,1,0,Pirate,8,15782,N/A,N/A
377,LF,d4s2,Kinder,1,10,5,4,0,Female,2,0,8,Pirate,8,15892,N/A,N/A
378,LF,d4s2,Kinder,1,10,5,7,0,Female,1,0,0,Farmer,N/A,N/A,8,6694
379,LF,d4s2,Kinder,1,11,0,0,0,Female,0,1,8,Pirate,8,20044,N/A,N/A
380,LF,d4s2,Kinder,1,11,0,2,0,Female,1,0,0,Farmer,N/A,N/A,8,12442
381,LF,d4s2,Kinder,1,11,1,5,0,Male,1,0,8,Farmer,N/A,N/A,8,6607
382,LF,d4s2,Kinder,1,11,1,11,0,Male,1,1,0,Pirate,4,8450,N/A,N/A
383,LF,d4s2,Kinder,1,11,2,1,0,Male,0,2,4,Farmer,N/A,N/A,4,5558
384,LF,d4s2,Kinder,1,11,2,10,0,Male,0,1,0,Pirate,3,31618,N/A,N/A
385,LF,d4s2,Kinder,1,11,3,3,0,Male,1,0,8,Pirate,8,32013,N/A,N/A
386,LF,d4s2,Kinder,1,11,3,8,0,Female,0,1,0,Farmer,N/A,N/A,8,38535
387,LF,d4s2,Kinder,1,11,4,6,0,Male,1,0,0,Pirate,8,18455,N/A,N/A
388,LF,d4s2,Kinder,1,11,4,9,0,Female,0,1,3,Farmer,N/A,N/A,3,14094
389,LF,d4s2,Kinder,1,11,5,4,0,Female,2,0,0,Farmer,N/A,N/A,8,49556
390,LF,d4s2,Kinder,1,11,5,7,0,Female,1,0,8,Pirate,8,27403,N/A,N/A
391,LF,d4s2,Kinder,1,12,0,0,0,Female,0,1,4,Farmer,N/A,N/A,4,50690
392,LF,d4s2,Kinder,1,12,0,2,0,Female,1,0,0,Pirate,8,21006,N/A,N/A
393,LF,d4s2,Kinder,1,12,1,5,0,Male,1,0,0,Pirate,8,13079,N/A,N/A
394,LF,d4s2,Kinder,1,12,1,11,0,Male,1,1,3,Farmer,N/A,N/A,3,4378
395,LF,d4s2,Kinder,1,12,2,1,0,Male,0,2,0,Pirate,4,31318,N/A,N/A
396,LF,d4s2,Kinder,1,12,2,10,0,Male,0,1,3,Farmer,N/A,N/A,3,11675
397,LF,d4s2,Kinder,1,12,3,3,0,Male,1,0,4,Farmer,N/A,N/A,4,8494
398,LF,d4s2,Kinder,1,12,3,8,0,Female,0,1,0,Pirate,8,7669,N/A,N/A
399,LF,d4s2,Kinder,1,12,4,6,0,Male,1,0,3,Farmer,N/A,N/A,3,92814
400,LF,d4s2,Kinder,1,12,4,9,0,Female,0,1,0,Pirate,4,15750,N/A,N/A
401,LF,d4s2,Kinder,1,12,5,4,0,Female,2,0,8,Pirate,8,30094,N/A,N/A
402,LF,d4s2,Kinder,1,12,5,7,0,Female,1,0,0,Farmer,N/A,N/A,8,4175
403,LF,d4s2,Kinder,1,13,0,0,0,Female,0,1,0,Pirate,4,14860,N/A,N/A
404,LF,d4s2,Kinder,1,13,0,2,0,Female,1,0,8,Farmer,N/A,N/A,8,2863
405,LF,d4s2,Kinder,1,13,1,5,0,Male,1,0,4,Farmer,N/A,N/A,4,33607
406,LF,d4s2,Kinder,1,13,1,11,0,Male,1,1,0,Pirate,3,14248,N/A,N/A
407,LF,d4s2,Kinder,1,13,2,1,0,Male,0,2,3,Farmer,N/A,N/A,3,17333
408,LF,d4s2,Kinder,1,13,2,10,0,Male,0,1,0,Pirate,8,8393,N/A,N/A
409,LF,d4s2,Kinder,1,13,3,3,0,Male,1,0,8,Pirate,8,41770,N/A,N/A
410,LF,d4s2,Kinder,1,13,3,8,0,Female,0,1,0,Farmer,N/A,N/A,8,12644
411,LF,d4s2,Kinder,1,13,4,6,0,Male,1,0,0,Pirate,4,7047,N/A,N/A
412,LF,d4s2,Kinder,1,13,4,9,0,Female,0,1,8,Farmer,N/A,N/A,8,9126
413,LF,d4s2,Kinder,1,13,5,4,0,Female,2,0,0,Farmer,N/A,N/A,4,18237
414,LF,d4s2,Kinder,1,13,5,7,0,Female,1,0,4,Pirate,4,11598,N/A,N/A
415,LF,d5s1,Kinder,1,2,0,5,1,Female,0,2,0,Pirate,4,15652,N/A,N/A
416,LF,d5s1,Kinder,1,2,0,7,1,Female,1,0,8,Farmer,N/A,N/A,8,5419
417,LF,d5s1,Kinder,1,2,1,1,1,Male,1,0,4,Farmer,N/A,N/A,4,38936
418,LF,d5s1,Kinder,1,2,1,2,1,Female,0,0,0,Pirate,8,10626,N/A,N/A
419,LF,d5s1,Kinder,1,2,2,0,1,Male,0,2,3,Pirate,3,10322,N/A,N/A
420,LF,d5s1,Kinder,1,2,2,4,1,Female,0,1,0,Farmer,N/A,N/A,3,9876
421,LF,d5s1,Kinder,1,2,3,3,1,Male,1,0,4,Pirate,4,5725,N/A,N/A
422,LF,d5s1,Kinder,1,2,3,8,1,Female,2,0,0,Farmer,N/A,N/A,4,10632
423,LF,d5s1,Kinder,1,2,4,6,1,Male,0,1,8,Pirate,8,18954,N/A,N/A
424,LF,d5s1,Kinder,1,2,4,11,1,Male,1,0,0,Farmer,N/A,N/A,8,7937
425,LF,d5s1,Kinder,1,2,5,9,1,Male,3+,2,8,Farmer,N/A,N/A,8,17864
426,LF,d5s1,Kinder,1,2,5,10,1,Male,1,0,0,Pirate,3,5035,N/A,N/A
427,LF,d5s1,Kinder,1,3,0,5,1,Female,0,2,0,Farmer,N/A,N/A,4,25059
428,LF,d5s1,Kinder,1,3,0,7,1,Female,1,0,4,Pirate,4,16442,N/A,N/A
429,LF,d5s1,Kinder,1,3,1,1,1,Male,1,0,0,Pirate,4,38455,N/A,N/A
430,LF,d5s1,Kinder,1,3,1,2,1,Female,0,0,8,Farmer,N/A,N/A,8,6860
431,LF,d5s1,Kinder,1,3,2,0,1,Male,0,2,0,Farmer,N/A,N/A,8,9085
432,LF,d5s1,Kinder,1,3,2,4,1,Female,0,1,8,Pirate,8,52846,N/A,N/A
433,LF,d5s1,Kinder,1,3,3,3,1,Male,1,0,0,Farmer,N/A,N/A,8,3683
434,LF,d5s1,Kinder,1,3,3,8,1,Female,2,0,8,Pirate,8,29628,N/A,N/A
435,LF,d5s1,Kinder,1,3,4,6,1,Male,0,1,3,Farmer,N/A,N/A,3,24382
436,LF,d5s1,Kinder,1,3,4,11,1,Male,1,0,0,Pirate,8,56757,N/A,N/A
437,LF,d5s1,Kinder,1,3,5,9,1,Male,3+,2,0,Pirate,4,51534,N/A,N/A
438,LF,d5s1,Kinder,1,3,5,10,1,Male,1,0,8,Farmer,N/A,N/A,8,11777
439,LF,d5s1,Kinder,1,4,0,5,1,Female,0,2,0,Pirate,8,16368,N/A,N/A
440,LF,d5s1,Kinder,1,4,0,7,1,Female,1,0,4,Farmer,N/A,N/A,4,75343
441,LF,d5s1,Kinder,1,4,1,1,1,Male,1,0,8,Farmer,N/A,N/A,8,13275
442,LF,d5s1,Kinder,1,4,1,2,1,Female,0,0,0,Pirate,4,25085,N/A,N/A
443,LF,d5s1,Kinder,1,4,2,0,1,Male,0,2,0,Pirate,4,10279,N/A,N/A
444,LF,d5s1,Kinder,1,4,2,4,1,Female,0,1,8,Farmer,N/A,N/A,8,8000
445,LF,d5s1,Kinder,1,4,3,3,1,Male,1,0,0,Pirate,8,23753,N/A,N/A
446,LF,d5s1,Kinder,1,4,3,8,1,Female,2,0,4,Farmer,N/A,N/A,4,19564
447,LF,d5s1,Kinder,1,4,4,6,1,Male,0,1,0,Pirate,3,26018,N/A,N/A
448,LF,d5s1,Kinder,1,4,4,11,1,Male,1,0,8,Farmer,N/A,N/A,8,17012
449,LF,d5s1,Kinder,1,4,5,9,1,Male,3+,2,3,Farmer,N/A,N/A,3,9659
450,LF,d5s1,Kinder,1,4,5,10,1,Male,1,0,0,Pirate,4,9523,N/A,N/A
451,LF,d5s1,Kinder,1,5,0,5,1,Female,0,2,3,Farmer,N/A,N/A,3,16719
452,LF,d5s1,Kinder,1,5,0,7,1,Female,1,0,0,Pirate,8,5361,N/A,N/A
453,LF,d5s1,Kinder,1,5,1,1,1,Male,1,0,8,Pirate,8,15881,N/A,N/A
454,LF,d5s1,Kinder,1,5,1,2,1,Female,0,0,0,Farmer,N/A,N/A,8,10328
455,LF,d5s1,Kinder,1,5,2,0,1,Male,0,2,4,Farmer,N/A,N/A,4,8754
456,LF,d5s1,Kinder,1,5,2,4,1,Female,0,1,0,Pirate,8,8470,N/A,N/A
457,LF,d5s1,Kinder,1,5,3,3,1,Male,1,0,4,Farmer,N/A,N/A,4,6894
458,LF,d5s1,Kinder,1,5,3,8,1,Female,2,0,0,Pirate,8,27241,N/A,N/A
459,LF,d5s1,Kinder,1,5,4,6,1,Male,0,1,4,Farmer,N/A,N/A,4,18768
460,LF,d5s1,Kinder,1,5,4,11,1,Male,1,0,0,Pirate,8,13434,N/A,N/A
461,LF,d5s1,Kinder,1,5,5,9,1,Male,3+,2,4,Pirate,4,36296,N/A,N/A
462,LF,d5s1,Kinder,1,5,5,10,1,Male,1,0,0,Farmer,N/A,N/A,4,16605
463,LF,d5s1,Kinder,1,6,0,5,1,Female,0,2,3,Pirate,3,5117,N/A,N/A
464,LF,d5s1,Kinder,1,6,0,7,1,Female,1,0,0,Farmer,N/A,N/A,3,44711
465,LF,d5s1,Kinder,1,6,1,1,1,Male,1,0,4,Farmer,N/A,N/A,4,18028
466,LF,d5s1,Kinder,1,6,1,2,1,Female,0,0,0,Pirate,8,5422,N/A,N/A
467,LF,d5s1,Kinder,1,6,2,0,1,Male,0,2,0,Pirate,4,13046,N/A,N/A
468,LF,d5s1,Kinder,1,6,2,4,1,Female,0,1,3,Farmer,N/A,N/A,3,28735
469,LF,d5s1,Kinder,1,6,3,3,1,Male,1,0,3,Pirate,3,4063,N/A,N/A
470,LF,d5s1,Kinder,1,6,3,8,1,Female,2,0,0,Farmer,N/A,N/A,3,11170
471,LF,d5s1,Kinder,1,6,4,6,1,Male,0,1,0,Pirate,8,16663,N/A,N/A
472,LF,d5s1,Kinder,1,6,4,11,1,Male,1,0,4,Farmer,N/A,N/A,4,20430
473,LF,d5s1,Kinder,1,6,5,9,1,Male,3+,2,3,Farmer,N/A,N/A,3,20652
474,LF,d5s1,Kinder,1,6,5,10,1,Male,1,0,0,Pirate,8,4625,N/A,N/A
475,LF,d5s1,Kinder,1,7,0,5,1,Female,0,2,8,Farmer,N/A,N/A,8,17913
476,LF,d5s1,Kinder,1,7,0,7,1,Female,1,0,0,Pirate,3,6653,N/A,N/A
477,LF,d5s1,Kinder,1,7,1,1,1,Male,1,0,0,Pirate,3,18806,N/A,N/A
478,LF,d5s1,Kinder,1,7,1,2,1,Female,0,0,8,Farmer,N/A,N/A,8,43322
479,LF,d5s1,Kinder,1,7,2,0,1,Male,0,2,0,Farmer,N/A,N/A,8,9138
480,LF,d5s1,Kinder,1,7,2,4,1,Female,0,1,8,Pirate,8,24376,N/A,N/A
481,LF,d5s1,Kinder,1,7,3,3,1,Male,1,0,3,Farmer,N/A,N/A,3,5226
482,LF,d5s1,Kinder,1,7,3,8,1,Female,2,0,0,Pirate,4,10166,N/A,N/A
483,LF,d5s1,Kinder,1,7,4,6,1,Male,0,1,8,Farmer,N/A,N/A,8,71169
484,LF,d5s1,Kinder,1,7,4,11,1,Male,1,0,0,Pirate,4,4394,N/A,N/A
485,LF,d5s1,Kinder,1,7,5,9,1,Male,3+,2,0,Pirate,8,4886,N/A,N/A
486,LF,d5s1,Kinder,1,7,5,10,1,Male,1,0,3,Farmer,N/A,N/A,3,8163
487,LF,d5s1,Kinder,1,8,0,5,1,Female,0,2,8,Pirate,8,15733,N/A,N/A
488,LF,d5s1,Kinder,1,8,0,7,1,Female,1,0,0,Farmer,N/A,N/A,8,37558
489,LF,d5s1,Kinder,1,8,1,1,1,Male,1,0,8,Farmer,N/A,N/A,8,34022
490,LF,d5s1,Kinder,1,8,1,2,1,Female,0,0,0,Pirate,3,47633,N/A,N/A
491,LF,d5s1,Kinder,1,8,2,0,1,Male,0,2,0,Pirate,4,56928,N/A,N/A
492,LF,d5s1,Kinder,1,8,2,4,1,Female,0,1,3,Farmer,N/A,N/A,3,11469
493,LF,d5s1,Kinder,1,8,3,3,1,Male,1,0,0,Pirate,3,6263,N/A,N/A
494,LF,d5s1,Kinder,1,8,3,8,1,Female,2,0,8,Farmer,N/A,N/A,8,21028
495,LF,d5s1,Kinder,1,8,4,6,1,Male,0,1,0,Pirate,8,54308,N/A,N/A
496,LF,d5s1,Kinder,1,8,4,11,1,Male,1,0,3,Farmer,N/A,N/A,3,16529
497,LF,d5s1,Kinder,1,8,5,9,1,Male,3+,2,8,Farmer,N/A,N/A,8,12126
498,LF,d5s1,Kinder,1,8,5,10,1,Male,1,0,0,Pirate,4,9289,N/A,N/A
499,LF,d5s1,Kinder,1,9,0,5,1,Female,0,2,3,Farmer,N/A,N/A,3,11957
500,LF,d5s1,Kinder,1,9,0,7,1,Female,1,0,0,Pirate,8,5186,N/A,N/A
501,LF,d5s1,Kinder,1,9,1,1,1,Male,1,0,0,Pirate,3,44655,N/A,N/A
502,LF,d5s1,Kinder,1,9,1,2,1,Female,0,0,8,Farmer,N/A,N/A,8,5953
503,LF,d5s1,Kinder,1,9,2,0,1,Male,0,2,4,Farmer,N/A,N/A,4,16906
504,LF,d5s1,Kinder,1,9,2,4,1,Female,0,1,0,Pirate,3,15844,N/A,N/A
505,LF,d5s1,Kinder,1,9,3,3,1,Male,1,0,8,Farmer,N/A,N/A,8,13875
506,LF,d5s1,Kinder,1,9,3,8,1,Female,2,0,0,Pirate,3,12642,N/A,N/A
507,LF,d5s1,Kinder,1,9,4,6,1,Male,0,1,0,Farmer,N/A,N/A,8,3965
508,LF,d5s1,Kinder,1,9,4,11,1,Male,1,0,8,Pirate,8,5633,N/A,N/A
509,LF,d5s1,Kinder,1,9,5,9,1,Male,3+,2,3,Pirate,3,26023,N/A,N/A
510,LF,d5s1,Kinder,1,9,5,10,1,Male,1,0,0,Farmer,N/A,N/A,3,6436
511,LF,d5s1,Kinder,1,10,0,5,1,Female,0,2,0,Pirate,8,10286,N/A,N/A
512,LF,d5s1,Kinder,1,10,0,7,1,Female,1,0,4,Farmer,N/A,N/A,4,81310
513,LF,d5s1,Kinder,1,10,1,1,1,Male,1,0,0,Farmer,N/A,N/A,3,26993
514,LF,d5s1,Kinder,1,10,1,2,1,Female,0,0,3,Pirate,3,17573,N/A,N/A
515,LF,d5s1,Kinder,1,10,2,0,1,Male,0,2,0,Pirate,8,12083,N/A,N/A
516,LF,d5s1,Kinder,1,10,2,4,1,Female,0,1,4,Farmer,N/A,N/A,4,10829
517,LF,d5s1,Kinder,1,10,3,3,1,Male,1,0,4,Pirate,4,1938,N/A,N/A
518,LF,d5s1,Kinder,1,10,3,8,1,Female,2,0,0,Farmer,N/A,N/A,4,24384
519,LF,d5s1,Kinder,1,10,4,6,1,Male,0,1,0,Pirate,8,16456,N/A,N/A
520,LF,d5s1,Kinder,1,10,4,11,1,Male,1,0,4,Farmer,N/A,N/A,4,11110
521,LF,d5s1,Kinder,1,10,5,9,1,Male,3+,2,3,Farmer,N/A,N/A,3,9889
522,LF,d5s1,Kinder,1,10,5,10,1,Male,1,0,0,Pirate,8,12958,N/A,N/A
523,LF,d5s1,Kinder,1,11,0,5,1,Female,0,2,0,Farmer,N/A,N/A,3,8785
524,LF,d5s1,Kinder,1,11,0,7,1,Female,1,0,3,Pirate,3,7954,N/A,N/A
525,LF,d5s1,Kinder,1,11,1,1,1,Male,1,0,8,Pirate,8,37593,N/A,N/A
526,LF,d5s1,Kinder,1,11,1,2,1,Female,0,0,0,Farmer,N/A,N/A,8,12791
527,LF,d5s1,Kinder,1,11,2,0,1,Male,0,2,8,Farmer,N/A,N/A,8,7105
528,LF,d5s1,Kinder,1,11,2,4,1,Female,0,1,0,Pirate,4,5094,N/A,N/A
529,LF,d5s1,Kinder,1,11,3,3,1,Male,1,0,0,Farmer,N/A,N/A,8,16122
530,LF,d5s1,Kinder,1,11,3,8,1,Female,2,0,8,Pirate,8,13746,N/A,N/A
531,LF,d5s1,Kinder,1,11,4,6,1,Male,0,1,0,Farmer,N/A,N/A,8,10174
532,LF,d5s1,Kinder,1,11,4,11,1,Male,1,0,8,Pirate,8,1109,N/A,N/A
533,LF,d5s1,Kinder,1,11,5,9,1,Male,3+,2,0,Pirate,8,7061,N/A,N/A
534,LF,d5s1,Kinder,1,11,5,10,1,Male,1,0,4,Farmer,N/A,N/A,4,9879
535,LF,d5s1,Kinder,1,12,0,5,1,Female,0,2,0,Pirate,4,12012,N/A,N/A
536,LF,d5s1,Kinder,1,12,0,7,1,Female,1,0,3,Farmer,N/A,N/A,3,6970
537,LF,d5s1,Kinder,1,12,1,1,1,Male,1,0,8,Farmer,N/A,N/A,8,14980
538,LF,d5s1,Kinder,1,12,1,2,1,Female,0,0,0,Pirate,4,54838,N/A,N/A
539,LF,d5s1,Kinder,1,12,2,0,1,Male,0,2,4,Pirate,4,15445,N/A,N/A
540,LF,d5s1,Kinder,1,12,2,4,1,Female,0,1,0,Farmer,N/A,N/A,4,13329
541,LF,d5s1,Kinder,1,12,3,3,1,Male,1,0,3,Pirate,3,1269,N/A,N/A
542,LF,d5s1,Kinder,1,12,3,8,1,Female,2,0,0,Farmer,N/A,N/A,3,16720
543,LF,d5s1,Kinder,1,12,4,6,1,Male,0,1,0,Pirate,8,12528,N/A,N/A
544,LF,d5s1,Kinder,1,12,4,11,1,Male,1,0,4,Farmer,N/A,N/A,4,7571
545,LF,d5s1,Kinder,1,12,5,9,1,Male,3+,2,0,Farmer,N/A,N/A,3,17293
546,LF,d5s1,Kinder,1,12,5,10,1,Male,1,0,3,Pirate,3,16952,N/A,N/A
547,LF,d5s1,Kinder,1,13,0,5,1,Female,0,2,8,Farmer,N/A,N/A,8,4942
548,LF,d5s1,Kinder,1,13,0,7,1,Female,1,0,0,Pirate,4,9275,N/A,N/A
549,LF,d5s1,Kinder,1,13,1,1,1,Male,1,0,0,Pirate,3,8705,N/A,N/A
550,LF,d5s1,Kinder,1,13,1,2,1,Female,0,0,4,Farmer,N/A,N/A,4,13535
551,LF,d5s1,Kinder,1,13,2,0,1,Male,0,2,8,Farmer,N/A,N/A,8,8297
552,LF,d5s1,Kinder,1,13,2,4,1,Female,0,1,0,Pirate,3,8391,N/A,N/A
553,LF,d5s1,Kinder,1,13,3,3,1,Male,1,0,8,Farmer,N/A,N/A,8,2521
554,LF,d5s1,Kinder,1,13,3,8,1,Female,2,0,0,Pirate,4,11957,N/A,N/A
555,LF,d5s1,Kinder,1,13,4,6,1,Male,0,1,8,Farmer,N/A,N/A,8,8436
556,LF,d5s1,Kinder,1,13,4,11,1,Male,1,0,0,Pirate,3,7527,N/A,N/A
557,LF,d5s1,Kinder,1,13,5,9,1,Male,3+,2,0,Pirate,3,10761,N/A,N/A
558,LF,d5s1,Kinder,1,13,5,10,1,Male,1,0,4,Farmer,N/A,N/A,4,20062
559,LF,d6s1,Kinder,1,2,0,2,1,Female,1,1,0,Farmer,N/A,N/A,8,17857
560,LF,d6s1,Kinder,1,2,0,3,1,Female,0,0,8,Pirate,8,11250,N/A,N/A
561,LF,d6s1,Kinder,1,2,1,1,1,Female,1,2,8,Pirate,8,15219,N/A,N/A
562,LF,d6s1,Kinder,1,2,1,7,1,Female,0,0,0,Farmer,N/A,N/A,8,5826
563,LF,d6s1,Kinder,1,2,2,0,1,Male,0,1,8,Farmer,N/A,N/A,8,5190
564,LF,d6s1,Kinder,1,2,2,6,1,Male,0,1,0,Pirate,4,4682,N/A,N/A
565,LF,d6s1,Kinder,1,2,3,8,1,Female,2,2,8,Farmer,N/A,N/A,8,5847
566,LF,d6s1,Kinder,1,2,3,10,1,Male,1,0,0,Pirate,4,8947,N/A,N/A
567,LF,d6s1,Kinder,1,2,4,5,2,Male,1,2,0,Farmer,N/A,N/A,3,14814
568,LF,d6s1,Kinder,1,2,4,9,1,Male,0,0,3,Pirate,3,5365,N/A,N/A
569,LF,d6s1,Kinder,1,2,5,4,1,Male,1,0,8,Pirate,8,15464,N/A,N/A
570,LF,d6s1,Kinder,1,2,5,11,1,Male,0,0,0,Farmer,N/A,N/A,8,5187
571,LF,d6s1,Kinder,1,3,0,2,1,Female,1,1,8,Pirate,8,4467,N/A,N/A
572,LF,d6s1,Kinder,1,3,0,3,1,Female,0,0,0,Farmer,N/A,N/A,8,19420
573,LF,d6s1,Kinder,1,3,1,1,1,Female,1,2,3,Farmer,N/A,N/A,3,33532
574,LF,d6s1,Kinder,1,3,1,7,1,Female,0,0,0,Pirate,8,11318,N/A,N/A
575,LF,d6s1,Kinder,1,3,2,0,1,Male,0,1,8,Pirate,8,3068,N/A,N/A
576,LF,d6s1,Kinder,1,3,2,6,1,Male,0,1,0,Farmer,N/A,N/A,8,29830
577,LF,d6s1,Kinder,1,3,3,8,1,Female,2,2,8,Pirate,8,18055,N/A,N/A
578,LF,d6s1,Kinder,1,3,3,10,1,Male,1,0,0,Farmer,N/A,N/A,8,8452
579,LF,d6s1,Kinder,1,3,4,5,2,Male,1,2,0,Pirate,8,35204,N/A,N/A
580,LF,d6s1,Kinder,1,3,4,9,1,Male,0,0,3,Farmer,N/A,N/A,3,10744
581,LF,d6s1,Kinder,1,3,5,4,1,Male,1,0,4,Farmer,N/A,N/A,4,15169
582,LF,d6s1,Kinder,1,3,5,11,1,Male,0,0,0,Pirate,8,2892,N/A,N/A
583,LF,d6s1,Kinder,1,4,0,2,1,Female,1,1,0,Farmer,N/A,N/A,4,11902
584,LF,d6s1,Kinder,1,4,0,3,1,Female,0,0,4,Pirate,4,7540,N/A,N/A
585,LF,d6s1,Kinder,1,4,1,1,1,Female,1,2,0,Pirate,4,19532,N/A,N/A
586,LF,d6s1,Kinder,1,4,1,7,1,Female,0,0,8,Farmer,N/A,N/A,8,8853
587,LF,d6s1,Kinder,1,4,2,0,1,Male,0,1,8,Farmer,N/A,N/A,8,21804
588,LF,d6s1,Kinder,1,4,2,6,1,Male,0,1,0,Pirate,4,13639,N/A,N/A
589,LF,d6s1,Kinder,1,4,3,8,1,Female,2,2,4,Farmer,N/A,N/A,4,11574
590,LF,d6s1,Kinder,1,4,3,10,1,Male,1,0,0,Pirate,3,6465,N/A,N/A
591,LF,d6s1,Kinder,1,4,4,5,2,Male,1,2,3,Farmer,N/A,N/A,3,24626
592,LF,d6s1,Kinder,1,4,4,9,1,Male,0,0,0,Pirate,8,4079,N/A,N/A
593,LF,d6s1,Kinder,1,4,5,4,1,Male,1,0,0,Pirate,4,17704,N/A,N/A
594,LF,d6s1,Kinder,1,4,5,11,1,Male,0,0,8,Farmer,N/A,N/A,8,15732
595,LF,d6s1,Kinder,1,5,0,2,1,Female,1,1,4,Pirate,4,8928,N/A,N/A
596,LF,d6s1,Kinder,1,5,0,3,1,Female,0,0,0,Farmer,N/A,N/A,4,21601
597,LF,d6s1,Kinder,1,5,1,1,1,Female,1,2,0,Farmer,N/A,N/A,4,12609
598,LF,d6s1,Kinder,1,5,1,7,1,Female,0,0,4,Pirate,4,49737,N/A,N/A
599,LF,d6s1,Kinder,1,5,2,0,1,Male,0,1,0,Pirate,8,5154,N/A,N/A
600,LF,d6s1,Kinder,1,5,2,6,1,Male,0,1,4,Farmer,N/A,N/A,4,54764
601,LF,d6s1,Kinder,1,5,3,8,1,Female,2,2,0,Pirate,4,6114,N/A,N/A
602,LF,d6s1,Kinder,1,5,3,10,1,Male,1,0,3,Farmer,N/A,N/A,3,5632
603,LF,d6s1,Kinder,1,5,4,5,2,Male,1,2,0,Pirate,4,5766,N/A,N/A
604,LF,d6s1,Kinder,1,5,4,9,1,Male,0,0,8,Farmer,N/A,N/A,8,5325
605,LF,d6s1,Kinder,1,5,5,4,1,Male,1,0,8,Farmer,N/A,N/A,8,29012
606,LF,d6s1,Kinder,1,5,5,11,1,Male,0,0,0,Pirate,3,5168,N/A,N/A
607,LF,d6s1,Kinder,1,6,0,2,1,Female,1,1,0,Farmer,N/A,N/A,3,11483
608,LF,d6s1,Kinder,1,6,0,3,1,Female,0,0,3,Pirate,3,12200,N/A,N/A
609,LF,d6s1,Kinder,1,6,1,1,1,Female,1,2,0,Pirate,3,18813,N/A,N/A
610,LF,d6s1,Kinder,1,6,1,7,1,Female,0,0,8,Farmer,N/A,N/A,8,4894
611,LF,d6s1,Kinder,1,6,2,0,1,Male,0,1,8,Farmer,N/A,N/A,8,8117
612,LF,d6s1,Kinder,1,6,2,6,1,Male,0,1,0,Pirate,4,16173,N/A,N/A
613,LF,d6s1,Kinder,1,6,3,8,1,Female,2,2,3,Farmer,N/A,N/A,3,10342
614,LF,d6s1,Kinder,1,6,3,10,1,Male,1,0,0,Pirate,8,7959,N/A,N/A
615,LF,d6s1,Kinder,1,6,4,5,2,Male,1,2,8,Farmer,N/A,N/A,8,13969
616,LF,d6s1,Kinder,1,6,4,9,1,Male,0,0,0,Pirate,4,4569,N/A,N/A
617,LF,d6s1,Kinder,1,6,5,4,1,Male,1,0,0,Pirate,8,7814,N/A,N/A
618,LF,d6s1,Kinder,1,6,5,11,1,Male,0,0,4,Farmer,N/A,N/A,4,8525
619,LF,d6s1,Kinder,1,7,0,2,1,Female,1,1,0,Pirate,8,8028,N/A,N/A
620,LF,d6s1,Kinder,1,7,0,3,1,Female,0,0,3,Farmer,N/A,N/A,3,11737
621,LF,d6s1,Kinder,1,7,1,1,1,Female,1,2,8,Farmer,N/A,N/A,8,17173
622,LF,d6s1,Kinder,1,7,1,7,1,Female,0,0,0,Pirate,4,14181,N/A,N/A
623,LF,d6s1,Kinder,1,7,2,0,1,Male,0,1,0,Pirate,3,5754,N/A,N/A
624,LF,d6s1,Kinder,1,7,2,6,1,Male,0,1,4,Farmer,N/A,N/A,4,10527
625,LF,d6s1,Kinder,1,7,3,8,1,Female,2,2,0,Pirate,4,33982,N/A,N/A
626,LF,d6s1,Kinder,1,7,3,10,1,Male,1,0,8,Farmer,N/A,N/A,8,13386
627,LF,d6s1,Kinder,1,7,4,5,2,Male,1,2,0,Pirate,3,11532,N/A,N/A
628,LF,d6s1,Kinder,1,7,4,9,1,Male,0,0,8,Farmer,N/A,N/A,8,4294
629,LF,d6s1,Kinder,1,7,5,4,1,Male,1,0,0,Farmer,N/A,N/A,8,8497
630,LF,d6s1,Kinder,1,7,5,11,1,Male,0,0,8,Pirate,8,7005,N/A,N/A
631,LF,d6s1,Kinder,1,8,0,2,1,Female,1,1,0,Farmer,N/A,N/A,8,5994
632,LF,d6s1,Kinder,1,8,0,3,1,Female,0,0,8,Pirate,8,4344,N/A,N/A
633,LF,d6s1,Kinder,1,8,1,1,1,Female,1,2,0,Pirate,8,18579,N/A,N/A
634,LF,d6s1,Kinder,1,8,1,7,1,Female,0,0,4,Farmer,N/A,N/A,4,3460
635,LF,d6s1,Kinder,1,8,2,0,1,Male,0,1,8,Farmer,N/A,N/A,8,10059
636,LF,d6s1,Kinder,1,8,2,6,1,Male,0,1,0,Pirate,4,3803,N/A,N/A
637,LF,d6s1,Kinder,1,8,3,8,1,Female,2,2,0,Farmer,N/A,N/A,8,5788
638,LF,d6s1,Kinder,1,8,3,10,1,Male,1,0,8,Pirate,8,13980,N/A,N/A
639,LF,d6s1,Kinder,1,8,4,5,2,Male,1,2,3,Farmer,N/A,N/A,3,16469
640,LF,d6s1,Kinder,1,8,4,9,1,Male,0,0,0,Pirate,8,7313,N/A,N/A
641,LF,d6s1,Kinder,1,8,5,4,1,Male,1,0,3,Pirate,3,7212,N/A,N/A
642,LF,d6s1,Kinder,1,8,5,11,1,Male,0,0,0,Farmer,N/A,N/A,3,17123
643,LF,d6s1,Kinder,1,9,0,2,1,Female,1,1,0,Pirate,4,7335,N/A,N/A
644,LF,d6s1,Kinder,1,9,0,3,1,Female,0,0,8,Farmer,N/A,N/A,8,24173
645,LF,d6s1,Kinder,1,9,1,1,1,Female,1,2,0,Farmer,N/A,N/A,3,13281
646,LF,d6s1,Kinder,1,9,1,7,1,Female,0,0,3,Pirate,3,7388,N/A,N/A
647,LF,d6s1,Kinder,1,9,2,0,1,Male,0,1,0,Pirate,8,10584,N/A,N/A
648,LF,d6s1,Kinder,1,9,2,6,1,Male,0,1,4,Farmer,N/A,N/A,4,5047
649,LF,d6s1,Kinder,1,9,3,8,1,Female,2,2,0,Pirate,4,9736,N/A,N/A
650,LF,d6s1,Kinder,1,9,3,10,1,Male,1,0,3,Farmer,N/A,N/A,3,5757
651,LF,d6s1,Kinder,1,9,4,5,2,Male,1,2,8,Pirate,8,1297,N/A,N/A
652,LF,d6s1,Kinder,1,9,4,9,1,Male,0,0,0,Farmer,N/A,N/A,8,5143
653,LF,d6s1,Kinder,1,9,5,4,1,Male,1,0,0,Farmer,N/A,N/A,3,13863
654,LF,d6s1,Kinder,1,9,5,11,1,Male,0,0,3,Pirate,3,2578,N/A,N/A
655,LF,d6s1,Kinder,1,10,0,2,1,Female,1,1,8,Farmer,N/A,N/A,8,7602
656,LF,d6s1,Kinder,1,10,0,3,1,Female,0,0,0,Pirate,3,21581,N/A,N/A
657,LF,d6s1,Kinder,1,10,1,1,1,Female,1,2,0,Pirate,8,17172,N/A,N/A
658,LF,d6s1,Kinder,1,10,1,7,1,Female,0,0,3,Farmer,N/A,N/A,3,7842
659,LF,d6s1,Kinder,1,10,2,0,1,Male,0,1,8,Farmer,N/A,N/A,8,8737
660,LF,d6s1,Kinder,1,10,2,6,1,Male,0,1,0,Pirate,3,4985,N/A,N/A
661,LF,d6s1,Kinder,1,10,3,8,1,Female,2,2,4,Farmer,N/A,N/A,4,33489
662,LF,d6s1,Kinder,1,10,3,10,1,Male,1,0,0,Pirate,3,8555,N/A,N/A
663,LF,d6s1,Kinder,1,10,4,5,2,Male,1,2,8,Farmer,N/A,N/A,8,28126
664,LF,d6s1,Kinder,1,10,4,9,1,Male,0,0,0,Pirate,4,6885,N/A,N/A
665,LF,d6s1,Kinder,1,10,5,4,1,Male,1,0,8,Pirate,8,7238,N/A,N/A
666,LF,d6s1,Kinder,1,10,5,11,1,Male,0,0,0,Farmer,N/A,N/A,8,5343
667,LF,d6s1,Kinder,1,11,0,2,1,Female,1,1,8,Pirate,8,7125,N/A,N/A
668,LF,d6s1,Kinder,1,11,0,3,1,Female,0,0,0,Farmer,N/A,N/A,8,14185
669,LF,d6s1,Kinder,1,11,1,1,1,Female,1,2,4,Farmer,N/A,N/A,4,10598
670,LF,d6s1,Kinder,1,11,1,7,1,Female,0,0,0,Pirate,3,7133,N/A,N/A
671,LF,d6s1,Kinder,1,11,2,0,1,Male,0,1,0,Pirate,8,4570,N/A,N/A
672,LF,d6s1,Kinder,1,11,2,6,1,Male,0,1,4,Farmer,N/A,N/A,4,5303
673,LF,d6s1,Kinder,1,11,3,8,1,Female,2,2,0,Pirate,8,64747,N/A,N/A
674,LF,d6s1,Kinder,1,11,3,10,1,Male,1,0,4,Farmer,N/A,N/A,4,8112
675,LF,d6s1,Kinder,1,11,4,5,2,Male,1,2,0,Pirate,4,13266,N/A,N/A
676,LF,d6s1,Kinder,1,11,4,9,1,Male,0,0,8,Farmer,N/A,N/A,8,9600
677,LF,d6s1,Kinder,1,11,5,4,1,Male,1,0,4,Farmer,N/A,N/A,4,6742
678,LF,d6s1,Kinder,1,11,5,11,1,Male,0,0,0,Pirate,8,2110,N/A,N/A
679,LF,d6s1,Kinder,1,12,0,2,1,Female,1,1,4,Farmer,N/A,N/A,4,5209
680,LF,d6s1,Kinder,1,12,0,3,1,Female,0,0,0,Pirate,8,8968,N/A,N/A
681,LF,d6s1,Kinder,1,12,1,1,1,Female,1,2,0,Pirate,4,10368,N/A,N/A
682,LF,d6s1,Kinder,1,12,1,7,1,Female,0,0,3,Farmer,N/A,N/A,3,13289
683,LF,d6s1,Kinder,1,12,2,0,1,Male,0,1,8,Farmer,N/A,N/A,8,4580
684,LF,d6s1,Kinder,1,12,2,6,1,Male,0,1,0,Pirate,3,4512,N/A,N/A
685,LF,d6s1,Kinder,1,12,3,8,1,Female,2,2,0,Farmer,N/A,N/A,3,17653
686,LF,d6s1,Kinder,1,12,3,10,1,Male,1,0,3,Pirate,3,10499,N/A,N/A
687,LF,d6s1,Kinder,1,12,4,5,2,Male,1,2,0,Farmer,N/A,N/A,4,8297
688,LF,d6s1,Kinder,1,12,4,9,1,Male,0,0,4,Pirate,4,11131,N/A,N/A
689,LF,d6s1,Kinder,1,12,5,4,1,Male,1,0,8,Pirate,8,8878,N/A,N/A
690,LF,d6s1,Kinder,1,12,5,11,1,Male,0,0,0,Farmer,N/A,N/A,8,9025
691,LF,d6s1,Kinder,1,13,0,2,1,Female,1,1,8,Pirate,8,16548,N/A,N/A
692,LF,d6s1,Kinder,1,13,0,3,1,Female,0,0,0,Farmer,N/A,N/A,8,19046
693,LF,d6s1,Kinder,1,13,1,1,1,Female,1,2,0,Farmer,N/A,N/A,8,8907
694,LF,d6s1,Kinder,1,13,1,7,1,Female,0,0,8,Pirate,8,51934,N/A,N/A
695,LF,d6s1,Kinder,1,13,2,0,1,Male,0,1,0,Pirate,8,9559,N/A,N/A
696,LF,d6s1,Kinder,1,13,2,6,1,Male,0,1,4,Farmer,N/A,N/A,4,7765
697,LF,d6s1,Kinder,1,13,3,8,1,Female,2,2,0,Pirate,4,14784,N/A,N/A
698,LF,d6s1,Kinder,1,13,3,10,1,Male,1,0,8,Farmer,N/A,N/A,8,4185
699,LF,d6s1,Kinder,1,13,4,5,2,Male,1,2,0,Pirate,3,11938,N/A,N/A
700,LF,d6s1,Kinder,1,13,4,9,1,Male,0,0,8,Farmer,N/A,N/A,8,11143
701,LF,d6s1,Kinder,1,13,5,4,1,Male,1,0,8,Farmer,N/A,N/A,8,5191
702,LF,d6s1,Kinder,1,13,5,11,1,Male,0,0,0,Pirate,4,12123,N/A,N/A
703,LF,d6s2,Kinder,1,2,0,3,0,Male,3+,0,0,Farmer,N/A,N/A,8,82123
704,LF,d6s2,Kinder,1,2,0,9,0,Male,0,1,8,Pirate,8,10954,N/A,N/A
705,LF,d6s2,Kinder,1,2,1,0,0,Female,0,1,4,Farmer,N/A,N/A,4,7501
706,LF,d6s2,Kinder,1,2,1,7,0,Female,0,0,0,Pirate,8,71932,N/A,N/A
707,LF,d6s2,Kinder,1,2,2,5,0,Male,2,0,4,Farmer,N/A,N/A,4,93190
708,LF,d6s2,Kinder,1,2,2,8,0,Male,1,0,0,Pirate,3,8439,N/A,N/A
709,LF,d6s2,Kinder,1,2,3,4,0,Male,0,0,0,Farmer,N/A,N/A,8,89554
710,LF,d6s2,Kinder,1,2,3,6,0,Female,2,1,8,Pirate,8,21437,N/A,N/A
711,LF,d6s2,Kinder,1,2,4,1,0,Female,0,0,0,Pirate,3,13603,N/A,N/A
712,LF,d6s2,Kinder,1,2,4,2,0,Female,0,0,4,Farmer,N/A,N/A,4,85945
713,LF,d6s2,Kinder,1,3,0,3,0,Male,3+,0,0,Pirate,8,22265,N/A,N/A
714,LF,d6s2,Kinder,1,3,0,9,0,Male,0,1,4,Farmer,N/A,N/A,4,37470
715,LF,d6s2,Kinder,1,3,1,0,0,Female,0,1,0,Pirate,4,2641,N/A,N/A
716,LF,d6s2,Kinder,1,3,1,7,0,Female,0,0,8,Farmer,N/A,N/A,8,8298
717,LF,d6s2,Kinder,1,3,2,5,0,Male,2,0,0,Pirate,3,15703,N/A,N/A
718,LF,d6s2,Kinder,1,3,2,8,0,Male,1,0,8,Farmer,N/A,N/A,8,16063
719,LF,d6s2,Kinder,1,3,3,4,0,Male,0,0,0,Pirate,3,97126,N/A,N/A
720,LF,d6s2,Kinder,1,3,3,6,0,Female,2,1,4,Farmer,N/A,N/A,4,18352
721,LF,d6s2,Kinder,1,3,4,1,0,Female,0,0,8,Farmer,N/A,N/A,8,14716
722,LF,d6s2,Kinder,1,3,4,2,0,Female,0,0,0,Pirate,3,10663,N/A,N/A
723,LF,d6s2,Kinder,1,4,0,3,0,Male,3+,0,3,Farmer,N/A,N/A,3,12689
724,LF,d6s2,Kinder,1,4,0,9,0,Male,0,1,0,Pirate,8,12517,N/A,N/A
725,LF,d6s2,Kinder,1,4,1,0,0,Female,0,1,8,Farmer,N/A,N/A,8,10438
726,LF,d6s2,Kinder,1,4,1,7,0,Female,0,0,0,Pirate,4,9364,N/A,N/A
727,LF,d6s2,Kinder,1,4,2,5,0,Male,2,0,3,Farmer,N/A,N/A,3,12705
728,LF,d6s2,Kinder,1,4,2,8,0,Male,1,0,0,Pirate,4,8063,N/A,N/A
729,LF,d6s2,Kinder,1,4,3,4,0,Male,0,0,4,Farmer,N/A,N/A,4,27418
730,LF,d6s2,Kinder,1,4,3,6,0,Female,2,1,0,Pirate,8,15232,N/A,N/A
731,LF,d6s2,Kinder,1,4,4,1,0,Female,0,0,0,Pirate,4,10297,N/A,N/A
732,LF,d6s2,Kinder,1,4,4,2,0,Female,0,0,3,Farmer,N/A,N/A,3,19776
733,LF,d6s2,Kinder,1,5,0,3,0,Male,3+,0,0,Pirate,3,15733,N/A,N/A
734,LF,d6s2,Kinder,1,5,0,9,0,Male,0,1,4,Farmer,N/A,N/A,4,32298
735,LF,d6s2,Kinder,1,5,1,0,0,Female,0,1,8,Pirate,8,24048,N/A,N/A
736,LF,d6s2,Kinder,1,5,1,7,0,Female,0,0,0,Farmer,N/A,N/A,8,9112
737,LF,d6s2,Kinder,1,5,2,5,0,Male,2,0,0,Pirate,8,35917,N/A,N/A
738,LF,d6s2,Kinder,1,5,2,8,0,Male,1,0,3,Farmer,N/A,N/A,3,4984
739,LF,d6s2,Kinder,1,5,3,4,0,Male,0,0,0,Pirate,8,48659,N/A,N/A
740,LF,d6s2,Kinder,1,5,3,6,0,Female,2,1,3,Farmer,N/A,N/A,3,10941
741,LF,d6s2,Kinder,1,5,4,1,0,Female,0,0,0,Farmer,N/A,N/A,4,5349
742,LF,d6s2,Kinder,1,5,4,2,0,Female,0,0,4,Pirate,4,8248,N/A,N/A
743,LF,d6s2,Kinder,1,6,0,3,0,Male,3+,0,0,Farmer,N/A,N/A,3,75768
744,LF,d6s2,Kinder,1,6,0,9,0,Male,0,1,3,Pirate,3,2844,N/A,N/A
745,LF,d6s2,Kinder,1,6,1,0,0,Female,0,1,0,Farmer,N/A,N/A,3,8936
746,LF,d6s2,Kinder,1,6,1,7,0,Female,0,0,3,Pirate,3,18304,N/A,N/A
747,LF,d6s2,Kinder,1,6,2,5,0,Male,2,0,8,Farmer,N/A,N/A,8,5455
748,LF,d6s2,Kinder,1,6,2,8,0,Male,1,0,0,Pirate,4,8875,N/A,N/A
749,LF,d6s2,Kinder,1,6,3,4,0,Male,0,0,0,Farmer,N/A,N/A,3,47031
750,LF,d6s2,Kinder,1,6,3,6,0,Female,2,1,3,Pirate,3,47133,N/A,N/A
751,LF,d6s2,Kinder,1,6,4,1,0,Female,0,0,0,Pirate,3,67342,N/A,N/A
752,LF,d6s2,Kinder,1,6,4,2,0,Female,0,0,4,Farmer,N/A,N/A,4,12336
753,LF,d6s2,Kinder,1,7,0,3,0,Male,3+,0,0,Pirate,4,77603,N/A,N/A
754,LF,d6s2,Kinder,1,7,0,9,0,Male,0,1,8,Farmer,N/A,N/A,8,15704
755,LF,d6s2,Kinder,1,7,1,0,0,Female,0,1,0,Pirate,3,8482,N/A,N/A
756,LF,d6s2,Kinder,1,7,1,7,0,Female,0,0,4,Farmer,N/A,N/A,4,12115
757,LF,d6s2,Kinder,1,7,2,5,0,Male,2,0,0,Pirate,4,33410,N/A,N/A
758,LF,d6s2,Kinder,1,7,2,8,0,Male,1,0,8,Farmer,N/A,N/A,8,6957
759,LF,d6s2,Kinder,1,7,3,4,0,Male,0,0,0,Pirate,4,62489,N/A,N/A
760,LF,d6s2,Kinder,1,7,3,6,0,Female,2,1,8,Farmer,N/A,N/A,8,8162
761,LF,d6s2,Kinder,1,7,4,1,0,Female,0,0,4,Farmer,N/A,N/A,4,5690
762,LF,d6s2,Kinder,1,7,4,2,0,Female,0,0,0,Pirate,8,2737,N/A,N/A
763,LF,d6s2,Kinder,1,8,0,3,0,Male,3+,0,3,Farmer,N/A,N/A,3,32072
764,LF,d6s2,Kinder,1,8,0,9,0,Male,0,1,0,Pirate,8,37236,N/A,N/A
765,LF,d6s2,Kinder,1,8,1,0,0,Female,0,1,8,Farmer,N/A,N/A,8,16288
766,LF,d6s2,Kinder,1,8,1,7,0,Female,0,0,0,Pirate,4,35629,N/A,N/A
767,LF,d6s2,Kinder,1,8,2,5,0,Male,2,0,8,Farmer,N/A,N/A,8,4507
768,LF,d6s2,Kinder,1,8,2,8,0,Male,1,0,0,Pirate,4,11074,N/A,N/A
769,LF,d6s2,Kinder,1,8,3,4,0,Male,0,0,3,Farmer,N/A,N/A,3,64944
770,LF,d6s2,Kinder,1,8,3,6,0,Female,2,1,0,Pirate,4,25484,N/A,N/A
771,LF,d6s2,Kinder,1,8,4,1,0,Female,0,0,0,Pirate,4,30552,N/A,N/A
772,LF,d6s2,Kinder,1,8,4,2,0,Female,0,0,8,Farmer,N/A,N/A,8,40916
773,LF,d6s2,Kinder,1,9,0,3,0,Male,3+,0,0,Pirate,4,15772,N/A,N/A
774,LF,d6s2,Kinder,1,9,0,9,0,Male,0,1,8,Farmer,N/A,N/A,8,76206
775,LF,d6s2,Kinder,1,9,1,0,0,Female,0,1,0,Pirate,3,24281,N/A,N/A
776,LF,d6s2,Kinder,1,9,1,7,0,Female,0,0,8,Farmer,N/A,N/A,8,12428
777,LF,d6s2,Kinder,1,9,2,5,0,Male,2,0,0,Pirate,4,3809,N/A,N/A
778,LF,d6s2,Kinder,1,9,2,8,0,Male,1,0,8,Farmer,N/A,N/A,8,6998
779,LF,d6s2,Kinder,1,9,3,4,0,Male,0,0,0,Pirate,4,45066,N/A,N/A
780,LF,d6s2,Kinder,1,9,3,6,0,Female,2,1,3,Farmer,N/A,N/A,3,11442
781,LF,d6s2,Kinder,1,9,4,1,0,Female,0,0,3,Farmer,N/A,N/A,3,35385
782,LF,d6s2,Kinder,1,9,4,2,0,Female,0,0,0,Pirate,8,14747,N/A,N/A
783,LF,d6s2,Kinder,1,10,0,3,0,Male,3+,0,0,Farmer,N/A,N/A,4,79932
784,LF,d6s2,Kinder,1,10,0,9,0,Male,0,1,4,Pirate,4,14095,N/A,N/A
785,LF,d6s2,Kinder,1,10,1,0,0,Female,0,1,3,Farmer,N/A,N/A,3,77545
786,LF,d6s2,Kinder,1,10,1,7,0,Female,0,0,0,Pirate,8,21940,N/A,N/A
787,LF,d6s2,Kinder,1,10,2,5,0,Male,2,0,3,Farmer,N/A,N/A,3,27364
788,LF,d6s2,Kinder,1,10,2,8,0,Male,1,0,0,Pirate,4,49477,N/A,N/A
789,LF,d6s2,Kinder,1,10,3,4,0,Male,0,0,8,Farmer,N/A,N/A,8,79142
790,LF,d6s2,Kinder,1,10,3,6,0,Female,2,1,0,Pirate,3,14516,N/A,N/A
791,LF,d6s2,Kinder,1,10,4,1,0,Female,0,0,0,Pirate,8,52718,N/A,N/A
792,LF,d6s2,Kinder,1,10,4,2,0,Female,0,0,4,Farmer,N/A,N/A,4,34324
793,LF,d6s2,Kinder,1,11,0,3,0,Male,3+,0,0,Pirate,3,22571,N/A,N/A
794,LF,d6s2,Kinder,1,11,0,9,0,Male,0,1,8,Farmer,N/A,N/A,8,37751
795,LF,d6s2,Kinder,1,11,1,0,0,Female,0,1,8,Pirate,8,2721,N/A,N/A
796,LF,d6s2,Kinder,1,11,1,7,0,Female,0,0,0,Farmer,N/A,N/A,8,2599
797,LF,d6s2,Kinder,1,11,2,5,0,Male,2,0,0,Pirate,3,7123,N/A,N/A
798,LF,d6s2,Kinder,1,11,2,8,0,Male,1,0,4,Farmer,N/A,N/A,4,14991
799,LF,d6s2,Kinder,1,11,3,4,0,Male,0,0,0,Pirate,8,14662,N/A,N/A
800,LF,d6s2,Kinder,1,11,3,6,0,Female,2,1,4,Farmer,N/A,N/A,4,5034
801,LF,d6s2,Kinder,1,11,4,1,0,Female,0,0,8,Farmer,N/A,N/A,8,18425
802,LF,d6s2,Kinder,1,11,4,2,0,Female,0,0,0,Pirate,4,23433,N/A,N/A
803,LF,d6s2,Kinder,1,12,0,3,0,Male,3+,0,4,Farmer,N/A,N/A,4,5225
804,LF,d6s2,Kinder,1,12,0,9,0,Male,0,1,0,Pirate,8,8704,N/A,N/A
805,LF,d6s2,Kinder,1,12,1,0,0,Female,0,1,0,Farmer,N/A,N/A,8,35439
806,LF,d6s2,Kinder,1,12,1,7,0,Female,0,0,8,Pirate,8,16669,N/A,N/A
807,LF,d6s2,Kinder,1,12,2,5,0,Male,2,0,4,Farmer,N/A,N/A,4,15972
808,LF,d6s2,Kinder,1,12,2,8,0,Male,1,0,0,Pirate,3,9393,N/A,N/A
809,LF,d6s2,Kinder,1,12,3,4,0,Male,0,0,3,Farmer,N/A,N/A,3,4183
810,LF,d6s2,Kinder,1,12,3,6,0,Female,2,1,0,Pirate,4,13360,N/A,N/A
811,LF,d6s2,Kinder,1,12,4,1,0,Female,0,0,4,Pirate,4,46594,N/A,N/A
812,LF,d6s2,Kinder,1,12,4,2,0,Female,0,0,0,Farmer,N/A,N/A,4,8207
813,LF,d6s2,Kinder,1,13,0,3,0,Male,3+,0,0,Pirate,3,14079,N/A,N/A
814,LF,d6s2,Kinder,1,13,0,9,0,Male,0,1,8,Farmer,N/A,N/A,8,36548
815,LF,d6s2,Kinder,1,13,1,0,0,Female,0,1,8,Pirate,8,10042,N/A,N/A
816,LF,d6s2,Kinder,1,13,1,7,0,Female,0,0,0,Farmer,N/A,N/A,8,25499
817,LF,d6s2,Kinder,1,13,2,5,0,Male,2,0,0,Pirate,8,16136,N/A,N/A
818,LF,d6s2,Kinder,1,13,2,8,0,Male,1,0,3,Farmer,N/A,N/A,3,5772
819,LF,d6s2,Kinder,1,13,3,4,0,Male,0,0,0,Pirate,3,10121,N/A,N/A
820,LF,d6s2,Kinder,1,13,3,6,0,Female,2,1,8,Farmer,N/A,N/A,8,33560
821,LF,d6s2,Kinder,1,13,4,1,0,Female,0,0,8,Farmer,N/A,N/A,8,4991
822,LF,d6s2,Kinder,1,13,4,2,0,Female,0,0,0,Pirate,4,6511,N/A,N/A