Session,matchId,roundId,groupId,clientId,Gender,Topic,Grade,Siblings,Month,Year,payoff,role,roleName,choice,choiceTime,equilibriumChoice,winningChoice
FROG-S1,2,0,0,5,Male,Math / Science,K,2 or more,feb.,2012,1,1,Player 2,2,83410,0,0
FROG-S1,2,0,0,6,Female,French,K,1,jul.,2012,1,0,Player 1,0,58236,0,0
FROG-S1,2,0,1,10,Female,French,K,2 or more,aug.,2012,2,1,Player 2,1,96139,1,1
FROG-S1,2,0,1,11,Male,English,K,0,may.,2012,2,0,Player 1,2,119683,1,1
FROG-S1,2,0,2,2,Male,Math / Science,K,1,oct.,2012,2,1,Player 2,1,161680,1,1
FROG-S1,2,0,2,4,Male,French,K,2 or more,sep.,2012,1,0,Player 1,1,90695,0,0
FROG-S1,2,0,3,0,Male,Math / Science,K,1,may.,2012,1,1,Player 2,0,18173,0,0
FROG-S1,2,0,3,8,Female,Art / Music,K,1,sep.,2012,1,0,Player 1,2,217629,1,0
FROG-S1,2,0,4,3,Male,English,K,1,jun.,2012,2,0,Player 1,2,55600,1,1
FROG-S1,2,0,4,7,Female,English,K,1,sep.,2012,2,1,Player 2,1,45939,1,1
FROG-S1,2,0,5,1,Male,Math / Science,K,2 or more,oct.,2012,2,1,Player 2,1,141007,1,1
FROG-S1,2,0,5,9,Female,French,K,1,feb.,2012,1,0,Player 1,1,196805,0,0
FROG-S1,3,0,0,6,Female,French,K,1,jul.,2012,2,1,Player 2,2,16060,1,1
FROG-S1,3,0,0,7,Female,English,K,1,sep.,2012,1,0,Player 1,2,23939,0,0
FROG-S1,3,0,1,2,Male,Math / Science,K,1,oct.,2012,1,0,Player 1,2,93805,0,0
FROG-S1,3,0,1,8,Female,Art / Music,K,1,sep.,2012,2,1,Player 2,2,23563,1,1
FROG-S1,3,0,2,9,Female,French,K,1,feb.,2012,2,1,Player 2,2,77409,1,1
FROG-S1,3,0,2,10,Female,French,K,2 or more,aug.,2012,1,0,Player 1,1,55689,0,0
FROG-S1,3,0,3,1,Male,Math / Science,K,2 or more,oct.,2012,1,0,Player 1,2,65511,0,0
FROG-S1,3,0,3,11,Male,English,K,0,may.,2012,2,1,Player 2,2,60342,1,1
FROG-S1,3,0,4,0,Male,Math / Science,K,1,may.,2012,1,0,Player 1,2,80295,0,0
FROG-S1,3,0,4,4,Male,French,K,2 or more,sep.,2012,1,1,Player 2,1,34755,0,0
FROG-S1,3,0,5,3,Male,English,K,1,jun.,2012,1,1,Player 2,0,67062,0,0
FROG-S1,3,0,5,5,Male,Math / Science,K,2 or more,feb.,2012,2,0,Player 1,2,36674,0,1
FROG-S1,4,0,0,4,Male,French,K,2 or more,sep.,2012,2,0,Player 1,1,37814,0,1
FROG-S1,4,0,0,7,Female,English,K,1,sep.,2012,1,1,Player 2,1,55439,0,0
FROG-S1,4,0,1,2,Male,Math / Science,K,1,oct.,2012,1,1,Player 2,1,9345,0,0
FROG-S1,4,0,1,6,Female,French,K,1,jul.,2012,2,0,Player 1,1,36587,0,1
FROG-S1,4,0,2,8,Female,Art / Music,K,1,sep.,2012,2,0,Player 1,2,38658,1,1
FROG-S1,4,0,2,10,Female,French,K,2 or more,aug.,2012,2,1,Player 2,0,35642,1,1
FROG-S1,4,0,3,1,Male,Math / Science,K,2 or more,oct.,2012,1,1,Player 2,1,11891,0,0
FROG-S1,4,0,3,11,Male,English,K,0,may.,2012,2,0,Player 1,1,18221,0,1
FROG-S1,4,0,4,0,Male,Math / Science,K,1,may.,2012,1,1,Player 2,1,37208,0,0
FROG-S1,4,0,4,9,Female,French,K,1,feb.,2012,2,0,Player 1,1,36017,0,1
FROG-S1,4,0,5,3,Male,English,K,1,jun.,2012,2,0,Player 1,1,30651,0,1
FROG-S1,4,0,5,5,Male,Math / Science,K,2 or more,feb.,2012,1,1,Player 2,1,30246,0,0
FROG-S1,5,0,0,0,Male,Math / Science,K,1,may.,2012,1,0,Player 1,0,48324,0,0
FROG-S1,5,0,0,6,Female,French,K,1,jul.,2012,2,1,Player 2,2,19490,1,1
FROG-S1,5,0,1,1,Male,Math / Science,K,2 or more,oct.,2012,1,0,Player 1,0,53573,0,0
FROG-S1,5,0,1,3,Male,English,K,1,jun.,2012,2,1,Player 2,2,30191,1,1
FROG-S1,5,0,2,7,Female,English,K,1,sep.,2012,1,0,Player 1,0,21376,0,0
FROG-S1,5,0,2,11,Male,English,K,0,may.,2012,2,1,Player 2,2,26686,1,1
FROG-S1,5,0,3,5,Male,Math / Science,K,2 or more,feb.,2012,2,0,Player 1,0,21016,0,1
FROG-S1,5,0,3,8,Female,Art / Music,K,1,sep.,2012,1,1,Player 2,1,17876,0,0
FROG-S1,5,0,4,2,Male,Math / Science,K,1,oct.,2012,1,0,Player 1,0,34435,0,0
FROG-S1,5,0,4,9,Female,French,K,1,feb.,2012,2,1,Player 2,2,44595,1,1
FROG-S1,5,0,5,4,Male,French,K,2 or more,sep.,2012,1,1,Player 2,1,19376,0,0
FROG-S1,5,0,5,10,Female,French,K,2 or more,aug.,2012,2,0,Player 1,0,49533,0,1
FROG-S1,6,0,0,0,Male,Math / Science,K,1,may.,2012,2,1,Player 2,1,6851,1,1
FROG-S1,6,0,0,6,Female,French,K,1,jul.,2012,1,0,Player 1,2,29241,0,0
FROG-S1,6,0,1,5,Male,Math / Science,K,2 or more,feb.,2012,2,1,Player 2,1,43674,1,1
FROG-S1,6,0,1,8,Female,Art / Music,K,1,sep.,2012,1,0,Player 1,0,7828,0,0
FROG-S1,6,0,2,1,Male,Math / Science,K,2 or more,oct.,2012,2,1,Player 2,1,23470,1,1
FROG-S1,6,0,2,3,Male,English,K,1,jun.,2012,1,0,Player 1,2,14752,0,0
FROG-S1,6,0,3,2,Male,Math / Science,K,1,oct.,2012,1,1,Player 2,2,58881,0,0
FROG-S1,6,0,3,4,Male,French,K,2 or more,sep.,2012,1,0,Player 1,2,21266,0,0
FROG-S1,6,0,4,7,Female,English,K,1,sep.,2012,2,1,Player 2,1,26235,1,1
FROG-S1,6,0,4,11,Male,English,K,0,may.,2012,1,0,Player 1,0,24725,0,0
FROG-S1,6,0,5,9,Female,French,K,1,feb.,2012,1,0,Player 1,1,25157,1,0
FROG-S1,6,0,5,10,Female,French,K,2 or more,aug.,2012,1,1,Player 2,0,14563,0,0
FROG-S1,7,0,0,0,Male,Math / Science,K,1,may.,2012,1,0,Player 1,1,6513,0,0
FROG-S1,7,0,0,11,Male,English,K,0,may.,2012,2,1,Player 2,1,44351,1,1
FROG-S1,7,0,1,1,Male,Math / Science,K,2 or more,oct.,2012,1,0,Player 1,1,16727,0,0
FROG-S1,7,0,1,6,Female,French,K,1,jul.,2012,2,1,Player 2,1,21364,1,1
FROG-S1,7,0,2,8,Female,Art / Music,K,1,sep.,2012,2,1,Player 2,1,13297,1,1
FROG-S1,7,0,2,10,Female,French,K,2 or more,aug.,2012,2,0,Player 1,2,29158,1,1
FROG-S1,7,0,3,2,Male,Math / Science,K,1,oct.,2012,1,0,Player 1,2,9689,1,0
FROG-S1,7,0,3,4,Male,French,K,2 or more,sep.,2012,1,1,Player 2,2,11220,0,0
FROG-S1,7,0,4,3,Male,English,K,1,jun.,2012,1,1,Player 2,0,16116,0,0
FROG-S1,7,0,4,5,Male,Math / Science,K,2 or more,feb.,2012,2,0,Player 1,1,12485,0,1
FROG-S1,7,0,5,7,Female,English,K,1,sep.,2012,1,0,Player 1,1,25016,0,0
FROG-S1,7,0,5,9,Female,French,K,1,feb.,2012,2,1,Player 2,1,33439,1,1
FROG-S1,8,0,0,6,Female,French,K,1,jul.,2012,1,0,Player 1,0,9757,0,0
FROG-S1,8,0,0,10,Female,French,K,2 or more,aug.,2012,2,1,Player 2,0,33955,1,1
FROG-S1,8,0,1,7,Female,English,K,1,sep.,2012,1,1,Player 2,1,28157,0,0
FROG-S1,8,0,1,8,Female,Art / Music,K,1,sep.,2012,2,0,Player 1,0,15001,0,1
FROG-S1,8,0,2,2,Male,Math / Science,K,1,oct.,2012,2,1,Player 2,0,10782,1,1
FROG-S1,8,0,2,11,Male,English,K,0,may.,2012,1,0,Player 1,0,42970,0,0
FROG-S1,8,0,3,0,Male,Math / Science,K,1,may.,2012,1,1,Player 2,1,8167,0,0
FROG-S1,8,0,3,4,Male,French,K,2 or more,sep.,2012,2,0,Player 1,0,51365,0,1
FROG-S1,8,0,4,5,Male,Math / Science,K,2 or more,feb.,2012,1,1,Player 2,1,38080,0,0
FROG-S1,8,0,4,9,Female,French,K,1,feb.,2012,1,0,Player 1,1,14423,1,0
FROG-S1,8,0,5,1,Male,Math / Science,K,2 or more,oct.,2012,1,1,Player 2,1,13336,0,0
FROG-S1,8,0,5,3,Male,English,K,1,jun.,2012,1,0,Player 1,1,18752,1,0
FROG-S1,9,0,0,2,Male,Math / Science,K,1,oct.,2012,1,0,Player 1,1,10563,0,0
FROG-S1,9,0,0,3,Male,English,K,1,jun.,2012,2,1,Player 2,0,12361,1,1
FROG-S1,9,0,1,8,Female,Art / Music,K,1,sep.,2012,2,1,Player 2,0,28767,1,1
FROG-S1,9,0,1,10,Female,French,K,2 or more,aug.,2012,1,0,Player 1,1,17064,0,0
FROG-S1,9,0,2,7,Female,English,K,1,sep.,2012,1,0,Player 1,2,17579,0,0
FROG-S1,9,0,2,11,Male,English,K,0,may.,2012,2,1,Player 2,0,24317,1,1
FROG-S1,9,0,3,0,Male,Math / Science,K,1,may.,2012,2,0,Player 1,2,26585,0,1
FROG-S1,9,0,3,9,Female,French,K,1,feb.,2012,1,1,Player 2,2,15907,0,0
FROG-S1,9,0,4,1,Male,Math / Science,K,2 or more,oct.,2012,1,0,Player 1,2,12673,0,0
FROG-S1,9,0,4,4,Male,French,K,2 or more,sep.,2012,2,1,Player 2,0,16657,1,1
FROG-S1,9,0,5,5,Male,Math / Science,K,2 or more,feb.,2012,1,0,Player 1,2,15579,0,0
FROG-S1,9,0,5,6,Female,French,K,1,jul.,2012,2,1,Player 2,0,7966,1,1
FROG-S2,2,0,0,2,Male,Art / Music,1,0,apr.,2011,2,1,Player 2,1,45520,1,1
FROG-S2,2,0,0,5,Female,English,1,1,feb.,2011,2,0,Player 1,2,46024,1,1
FROG-S2,2,0,1,1,Female,English,1,1,dec.,2011,1,0,Player 1,0,60773,0,0
FROG-S2,2,0,1,10,Male,Math / Science,1,1,nov.,2011,2,1,Player 2,1,46362,1,1
FROG-S2,2,0,2,4,Female,Art / Music,1,1,jul.,2011,2,0,Player 1,0,52333,0,1
FROG-S2,2,0,2,11,Male,English,1,2 or more,jun.,2011,1,1,Player 2,0,46596,0,0
FROG-S2,2,0,3,0,Male,Art / Music,1,1,apr.,2011,2,1,Player 2,1,115676,1,1
FROG-S2,2,0,3,7,Male,French,1,0,feb.,2011,2,0,Player 1,2,30328,1,1
FROG-S2,2,0,4,6,Male,English,1,1,apr.,2011,1,0,Player 1,1,82737,0,0
FROG-S2,2,0,4,8,Female,Art / Music,1,0,jan.,2011,2,1,Player 2,1,65862,1,1
FROG-S2,2,0,5,3,Male,Math / Science,1,1,jun.,2011,2,1,Player 2,1,37629,1,1
FROG-S2,2,0,5,9,Female,English,1,1,aug.,2011,2,0,Player 1,2,48558,1,1
FROG-S2,3,0,0,7,Male,French,1,0,feb.,2011,2,1,Player 2,2,25024,1,1
FROG-S2,3,0,0,10,Male,Math / Science,1,1,nov.,2011,1,0,Player 1,2,26876,0,0
FROG-S2,3,0,1,0,Male,Art / Music,1,1,apr.,2011,1,0,Player 1,2,68753,0,0
FROG-S2,3,0,1,1,Female,English,1,1,dec.,2011,1,1,Player 2,1,58194,0,0
FROG-S2,3,0,2,5,Female,English,1,1,feb.,2011,1,1,Player 2,1,21313,0,0
FROG-S2,3,0,2,11,Male,English,1,2 or more,jun.,2011,1,0,Player 1,2,21735,0,0
FROG-S2,3,0,3,2,Male,Art / Music,1,0,apr.,2011,2,0,Player 1,2,49424,0,1
FROG-S2,3,0,3,9,Female,English,1,1,aug.,2011,1,1,Player 2,0,38006,0,0
FROG-S2,3,0,4,6,Male,English,1,1,apr.,2011,2,1,Player 2,2,13642,1,1
FROG-S2,3,0,4,8,Female,Art / Music,1,0,jan.,2011,1,0,Player 1,1,40533,0,0
FROG-S2,3,0,5,3,Male,Math / Science,1,1,jun.,2011,2,0,Player 1,0,32392,1,1
FROG-S2,3,0,5,4,Female,Art / Music,1,1,jul.,2011,2,1,Player 2,2,14205,1,1
FROG-S2,4,0,0,0,Male,Art / Music,1,1,apr.,2011,1,1,Player 2,1,17548,0,0
FROG-S2,4,0,0,9,Female,English,1,1,aug.,2011,1,0,Player 1,2,29464,1,0
FROG-S2,4,0,1,5,Female,English,1,1,feb.,2011,1,0,Player 1,0,46783,0,0
FROG-S2,4,0,1,11,Male,English,1,2 or more,jun.,2011,2,1,Player 2,0,15440,1,1
FROG-S2,4,0,2,7,Male,French,1,0,feb.,2011,2,0,Player 1,2,28706,1,1
FROG-S2,4,0,2,10,Male,Math / Science,1,1,nov.,2011,2,1,Player 2,0,15985,1,1
FROG-S2,4,0,3,2,Male,Art / Music,1,0,apr.,2011,2,1,Player 2,0,13249,1,1
FROG-S2,4,0,3,6,Male,English,1,1,apr.,2011,1,0,Player 1,1,34923,0,0
FROG-S2,4,0,4,4,Female,Art / Music,1,1,jul.,2011,1,0,Player 1,1,15598,0,0
FROG-S2,4,0,4,8,Female,Art / Music,1,0,jan.,2011,2,1,Player 2,0,12828,1,1
FROG-S2,4,0,5,1,Female,English,1,1,dec.,2011,1,0,Player 1,0,8708,0,0
FROG-S2,4,0,5,3,Male,Math / Science,1,1,jun.,2011,2,1,Player 2,0,18266,1,1
FROG-S2,5,0,0,2,Male,Art / Music,1,0,apr.,2011,1,0,Player 1,0,19616,0,0
FROG-S2,5,0,0,7,Male,French,1,0,feb.,2011,2,1,Player 2,2,13915,1,1
FROG-S2,5,0,1,1,Female,English,1,1,dec.,2011,1,1,Player 2,1,11235,0,0
FROG-S2,5,0,1,3,Male,Math / Science,1,1,jun.,2011,1,0,Player 1,2,23498,1,0
FROG-S2,5,0,2,5,Female,English,1,1,feb.,2011,1,1,Player 2,1,14954,0,0
FROG-S2,5,0,2,11,Male,English,1,2 or more,jun.,2011,2,0,Player 1,0,41846,0,1
FROG-S2,5,0,3,0,Male,Art / Music,1,1,apr.,2011,2,0,Player 1,2,53424,1,1
FROG-S2,5,0,3,6,Male,English,1,1,apr.,2011,2,1,Player 2,2,10297,1,1
FROG-S2,5,0,4,4,Female,Art / Music,1,1,jul.,2011,2,1,Player 2,2,18299,1,1
FROG-S2,5,0,4,10,Male,Math / Science,1,1,nov.,2011,1,0,Player 1,0,17954,0,0
FROG-S2,5,0,5,8,Female,Art / Music,1,0,jan.,2011,1,0,Player 1,1,15329,0,0
FROG-S2,5,0,5,9,Female,English,1,1,aug.,2011,2,1,Player 2,2,42211,1,1
FROG-S2,6,0,0,1,Female,English,1,1,dec.,2011,1,0,Player 1,2,7016,0,0
FROG-S2,6,0,0,11,Male,English,1,2 or more,jun.,2011,1,1,Player 2,2,10519,0,0
FROG-S2,6,0,1,0,Male,Art / Music,1,1,apr.,2011,2,1,Player 2,1,52055,1,1
FROG-S2,6,0,1,9,Female,English,1,1,aug.,2011,1,0,Player 1,2,16842,0,0
FROG-S2,6,0,2,2,Male,Art / Music,1,0,apr.,2011,2,1,Player 2,1,17907,1,1
FROG-S2,6,0,2,4,Female,Art / Music,1,1,jul.,2011,1,0,Player 1,0,10563,0,0
FROG-S2,6,0,3,5,Female,English,1,1,feb.,2011,1,0,Player 1,0,18813,0,0
FROG-S2,6,0,3,10,Male,Math / Science,1,1,nov.,2011,2,1,Player 2,1,34595,1,1
FROG-S2,6,0,4,7,Male,French,1,0,feb.,2011,2,0,Player 1,1,25171,1,1
FROG-S2,6,0,4,8,Female,Art / Music,1,0,jan.,2011,2,1,Player 2,1,7250,1,1
FROG-S2,6,0,5,3,Male,Math / Science,1,1,jun.,2011,2,1,Player 2,1,7344,1,1
FROG-S2,6,0,5,6,Male,English,1,1,apr.,2011,1,0,Player 1,2,25548,0,0
FROG-S2,7,0,0,2,Male,Art / Music,1,0,apr.,2011,1,0,Player 1,1,22102,0,0
FROG-S2,7,0,0,4,Female,Art / Music,1,1,jul.,2011,2,1,Player 2,1,10530,1,1
FROG-S2,7,0,1,6,Male,English,1,1,apr.,2011,2,1,Player 2,1,6625,1,1
FROG-S2,7,0,1,11,Male,English,1,2 or more,jun.,2011,1,0,Player 1,1,14813,0,0
FROG-S2,7,0,2,7,Male,French,1,0,feb.,2011,2,1,Player 2,1,22691,1,1
FROG-S2,7,0,2,10,Male,Math / Science,1,1,nov.,2011,1,0,Player 1,1,13235,0,0
FROG-S2,7,0,3,5,Female,English,1,1,feb.,2011,1,1,Player 2,2,11000,0,0
FROG-S2,7,0,3,8,Female,Art / Music,1,0,jan.,2011,2,0,Player 1,0,7188,0,1
FROG-S2,7,0,4,0,Male,Art / Music,1,1,apr.,2011,1,0,Player 1,1,33627,0,0
FROG-S2,7,0,4,9,Female,English,1,1,aug.,2011,2,1,Player 2,1,13496,1,1
FROG-S2,7,0,5,1,Female,English,1,1,dec.,2011,2,1,Player 2,1,8298,1,1
FROG-S2,7,0,5,3,Male,Math / Science,1,1,jun.,2011,1,0,Player 1,1,13770,0,0
FROG-S2,8,0,0,3,Male,Math / Science,1,1,jun.,2011,2,1,Player 2,0,9569,1,1
FROG-S2,8,0,0,7,Male,French,1,0,feb.,2011,2,0,Player 1,1,13788,1,1
FROG-S2,8,0,1,0,Male,Art / Music,1,1,apr.,2011,1,1,Player 2,2,25689,0,0
FROG-S2,8,0,1,1,Female,English,1,1,dec.,2011,2,0,Player 1,2,9236,0,1
FROG-S2,8,0,2,9,Female,English,1,1,aug.,2011,1,0,Player 1,2,43291,0,0
FROG-S2,8,0,2,11,Male,English,1,2 or more,jun.,2011,2,1,Player 2,0,6719,1,1
FROG-S2,8,0,3,6,Male,English,1,1,apr.,2011,1,0,Player 1,2,7922,0,0
FROG-S2,8,0,3,8,Female,Art / Music,1,0,jan.,2011,2,1,Player 2,0,6734,1,1
FROG-S2,8,0,4,2,Male,Art / Music,1,0,apr.,2011,2,1,Player 2,0,59116,1,1
FROG-S2,8,0,4,5,Female,English,1,1,feb.,2011,1,0,Player 1,0,9891,0,0
FROG-S2,8,0,5,4,Female,Art / Music,1,1,jul.,2011,1,0,Player 1,0,6798,0,0
FROG-S2,8,0,5,10,Male,Math / Science,1,1,nov.,2011,2,1,Player 2,0,53315,1,1
FROG-S2,9,0,0,6,Male,English,1,1,apr.,2011,2,1,Player 2,0,11532,1,1
FROG-S2,9,0,0,11,Male,English,1,2 or more,jun.,2011,1,0,Player 1,1,22986,0,0
FROG-S2,9,0,1,0,Male,Art / Music,1,1,apr.,2011,1,0,Player 1,2,18907,0,0
FROG-S2,9,0,1,5,Female,English,1,1,feb.,2011,1,1,Player 2,1,5985,0,0
FROG-S2,9,0,2,3,Male,Math / Science,1,1,jun.,2011,1,0,Player 1,2,15548,0,0
FROG-S2,9,0,2,7,Male,French,1,0,feb.,2011,2,1,Player 2,0,11917,1,1
FROG-S2,9,0,3,9,Female,English,1,1,aug.,2011,2,1,Player 2,0,31490,1,1
FROG-S2,9,0,3,10,Male,Math / Science,1,1,nov.,2011,1,0,Player 1,2,15438,0,0
FROG-S2,9,0,4,1,Female,English,1,1,dec.,2011,1,1,Player 2,2,12579,0,0
FROG-S2,9,0,4,8,Female,Art / Music,1,0,jan.,2011,2,0,Player 1,2,7875,0,1
FROG-S2,9,0,5,2,Male,Art / Music,1,0,apr.,2011,2,0,Player 1,2,13689,0,1
FROG-S2,9,0,5,4,Female,Art / Music,1,1,jul.,2011,1,1,Player 2,2,18158,0,0
FROG-S3,2,0,0,7,Male,Math / Science,2,1,dec.,2010,2,1,Player 2,1,67007,1,1
FROG-S3,2,0,0,9,Male,Math / Science,2,1,mar.,2010,1,0,Player 1,0,83094,0,0
FROG-S3,2,0,1,2,Female,Art / Music,2,0,mar.,2010,2,0,Player 1,2,27110,1,1
FROG-S3,2,0,1,10,Female,French,2,1,sep.,2010,2,1,Player 2,1,42530,1,1
FROG-S3,2,0,2,6,Female,Art / Music,2,1,jan.,2010,1,0,Player 1,0,22095,0,0
FROG-S3,2,0,2,8,Female,Art / Music,2,1,feb.,2010,2,1,Player 2,1,60503,1,1
FROG-S3,2,0,3,0,Male,Art / Music,2,1,mar.,2010,2,1,Player 2,1,26671,1,1
FROG-S3,2,0,3,4,Female,Art / Music,2,2 or more,apr.,2010,1,0,Player 1,0,27657,0,0
FROG-S3,2,0,4,1,Male,English,2,2 or more,may.,2010,2,1,Player 2,1,94308,1,1
FROG-S3,2,0,4,3,Female,Math / Science,2,1,mar.,2010,2,0,Player 1,2,14750,1,1
FROG-S3,2,0,5,5,Male,Math / Science,2,1,jun.,2010,1,0,Player 1,2,19294,1,0
FROG-S3,2,0,5,11,Female,Math / Science,2,2 or more,jun.,2010,1,1,Player 2,2,51721,0,0
FROG-S3,3,0,0,0,Male,Art / Music,2,1,mar.,2010,2,0,Player 1,0,14153,1,1
FROG-S3,3,0,0,5,Male,Math / Science,2,1,jun.,2010,2,1,Player 2,2,11809,1,1
FROG-S3,3,0,1,8,Female,Art / Music,2,1,feb.,2010,1,0,Player 1,1,17088,0,0
FROG-S3,3,0,1,9,Male,Math / Science,2,1,mar.,2010,2,1,Player 2,2,34972,1,1
FROG-S3,3,0,2,3,Female,Math / Science,2,1,mar.,2010,2,1,Player 2,2,5328,1,1
FROG-S3,3,0,2,11,Female,Math / Science,2,2 or more,jun.,2010,2,0,Player 1,0,123382,1,1
FROG-S3,3,0,3,2,Female,Art / Music,2,0,mar.,2010,2,1,Player 2,2,18126,1,1
FROG-S3,3,0,3,7,Male,Math / Science,2,1,dec.,2010,1,0,Player 1,1,113882,0,0
FROG-S3,3,0,4,6,Female,Art / Music,2,1,jan.,2010,2,1,Player 2,2,9500,1,1
FROG-S3,3,0,4,10,Female,French,2,1,sep.,2010,1,0,Player 1,2,10338,0,0
FROG-S3,3,0,5,1,Male,English,2,2 or more,may.,2010,2,0,Player 1,0,22326,1,1
FROG-S3,3,0,5,4,Female,Art / Music,2,2 or more,apr.,2010,2,1,Player 2,2,13766,1,1
FROG-S3,4,0,0,3,Female,Math / Science,2,1,mar.,2010,2,0,Player 1,2,12563,1,1
FROG-S3,4,0,0,10,Female,French,2,1,sep.,2010,2,1,Player 2,0,16059,1,1
FROG-S3,4,0,1,1,Male,English,2,2 or more,may.,2010,2,1,Player 2,0,43191,1,1
FROG-S3,4,0,1,2,Female,Art / Music,2,0,mar.,2010,2,0,Player 1,2,23657,1,1
FROG-S3,4,0,2,0,Male,Art / Music,2,1,mar.,2010,2,1,Player 2,0,15152,1,1
FROG-S3,4,0,2,6,Female,Art / Music,2,1,jan.,2010,1,0,Player 1,1,16797,0,0
FROG-S3,4,0,3,7,Male,Math / Science,2,1,dec.,2010,1,1,Player 2,1,29033,0,0
FROG-S3,4,0,3,9,Male,Math / Science,2,1,mar.,2010,1,0,Player 1,2,29049,1,0
FROG-S3,4,0,4,4,Female,Art / Music,2,2 or more,apr.,2010,2,0,Player 1,2,11016,1,1
FROG-S3,4,0,4,11,Female,Math / Science,2,2 or more,jun.,2010,2,1,Player 2,0,64644,1,1
FROG-S3,4,0,5,5,Male,Math / Science,2,1,jun.,2010,1,0,Player 1,2,42170,1,0
FROG-S3,4,0,5,8,Female,Art / Music,2,1,feb.,2010,1,1,Player 2,1,20268,0,0
FROG-S3,5,0,0,9,Male,Math / Science,2,1,mar.,2010,2,1,Player 2,2,53559,1,1
FROG-S3,5,0,0,10,Female,French,2,1,sep.,2010,1,0,Player 1,0,9142,0,0
FROG-S3,5,0,1,0,Male,Art / Music,2,1,mar.,2010,2,0,Player 1,2,28677,1,1
FROG-S3,5,0,1,5,Male,Math / Science,2,1,jun.,2010,2,1,Player 2,2,10639,1,1
FROG-S3,5,0,2,1,Male,English,2,2 or more,may.,2010,2,0,Player 1,2,29341,1,1
FROG-S3,5,0,2,6,Female,Art / Music,2,1,jan.,2010,2,1,Player 2,2,15017,1,1
FROG-S3,5,0,3,4,Female,Art / Music,2,2 or more,apr.,2010,2,1,Player 2,2,20985,1,1
FROG-S3,5,0,3,7,Male,Math / Science,2,1,dec.,2010,1,0,Player 1,0,22626,0,0
FROG-S3,5,0,4,3,Female,Math / Science,2,1,mar.,2010,1,1,Player 2,1,10938,0,0
FROG-S3,5,0,4,8,Female,Art / Music,2,1,feb.,2010,1,0,Player 1,2,18271,1,0
FROG-S3,5,0,5,2,Female,Art / Music,2,0,mar.,2010,1,1,Player 2,0,13657,0,0
FROG-S3,5,0,5,11,Female,Math / Science,2,2 or more,jun.,2010,1,0,Player 1,0,20818,0,0
FROG-S3,6,0,0,1,Male,English,2,2 or more,may.,2010,2,1,Player 2,1,12386,1,1
FROG-S3,6,0,0,6,Female,Art / Music,2,1,jan.,2010,2,0,Player 1,1,29724,1,1
FROG-S3,6,0,1,3,Female,Math / Science,2,1,mar.,2010,2,0,Player 1,1,8375,1,1
FROG-S3,6,0,1,8,Female,Art / Music,2,1,feb.,2010,2,1,Player 2,1,7079,1,1
FROG-S3,6,0,2,5,Male,Math / Science,2,1,jun.,2010,2,0,Player 1,1,16643,1,1
FROG-S3,6,0,2,7,Male,Math / Science,2,1,dec.,2010,2,1,Player 2,1,39736,1,1
FROG-S3,6,0,3,0,Male,Art / Music,2,1,mar.,2010,2,1,Player 2,1,18585,1,1
FROG-S3,6,0,3,4,Female,Art / Music,2,2 or more,apr.,2010,1,0,Player 1,2,18532,0,0
FROG-S3,6,0,4,9,Male,Math / Science,2,1,mar.,2010,1,0,Player 1,0,22721,0,0
FROG-S3,6,0,4,10,Female,French,2,1,sep.,2010,2,1,Player 2,1,15179,1,1
FROG-S3,6,0,5,2,Female,Art / Music,2,0,mar.,2010,1,0,Player 1,2,17751,0,0
FROG-S3,6,0,5,11,Female,Math / Science,2,2 or more,jun.,2010,2,1,Player 2,1,9235,1,1
FROG-S3,7,0,0,5,Male,Math / Science,2,1,jun.,2010,2,1,Player 2,1,9765,1,1
FROG-S3,7,0,0,11,Female,Math / Science,2,2 or more,jun.,2010,2,0,Player 1,2,30895,1,1
FROG-S3,7,0,1,6,Female,Art / Music,2,1,jan.,2010,2,1,Player 2,1,7219,1,1
FROG-S3,7,0,1,10,Female,French,2,1,sep.,2010,1,0,Player 1,1,9650,0,0
FROG-S3,7,0,2,2,Female,Art / Music,2,0,mar.,2010,2,1,Player 2,1,5750,1,1
FROG-S3,7,0,2,8,Female,Art / Music,2,1,feb.,2010,2,0,Player 1,2,12545,1,1
FROG-S3,7,0,3,3,Female,Math / Science,2,1,mar.,2010,2,1,Player 2,1,47377,1,1
FROG-S3,7,0,3,7,Male,Math / Science,2,1,dec.,2010,1,0,Player 1,1,26688,0,0
FROG-S3,7,0,4,1,Male,English,2,2 or more,may.,2010,1,0,Player 1,1,25847,0,0
FROG-S3,7,0,4,9,Male,Math / Science,2,1,mar.,2010,2,1,Player 2,1,6532,1,1
FROG-S3,7,0,5,0,Male,Art / Music,2,1,mar.,2010,2,0,Player 1,2,14390,1,1
FROG-S3,7,0,5,4,Female,Art / Music,2,2 or more,apr.,2010,2,1,Player 2,1,8437,1,1
FROG-S3,8,0,0,0,Male,Art / Music,2,1,mar.,2010,2,1,Player 2,0,11656,1,1
FROG-S3,8,0,0,9,Male,Math / Science,2,1,mar.,2010,1,0,Player 1,0,22311,0,0
FROG-S3,8,0,1,2,Female,Art / Music,2,0,mar.,2010,1,0,Player 1,2,18829,0,0
FROG-S3,8,0,1,7,Male,Math / Science,2,1,dec.,2010,2,1,Player 2,0,19000,1,1
FROG-S3,8,0,2,5,Male,Math / Science,2,1,jun.,2010,1,0,Player 1,1,11943,1,0
FROG-S3,8,0,2,10,Female,French,2,1,sep.,2010,1,1,Player 2,1,15175,0,0
FROG-S3,8,0,3,3,Female,Math / Science,2,1,mar.,2010,1,0,Player 1,2,14969,0,0
FROG-S3,8,0,3,8,Female,Art / Music,2,1,feb.,2010,2,1,Player 2,0,22910,1,1
FROG-S3,8,0,4,4,Female,Art / Music,2,2 or more,apr.,2010,2,0,Player 1,1,15141,1,1
FROG-S3,8,0,4,11,Female,Math / Science,2,2 or more,jun.,2010,2,1,Player 2,0,17785,1,1
FROG-S3,8,0,5,1,Male,English,2,2 or more,may.,2010,2,1,Player 2,0,11284,1,1
FROG-S3,8,0,5,6,Female,Art / Music,2,1,jan.,2010,2,0,Player 1,1,13548,1,1
FROG-S3,9,0,0,1,Male,English,2,2 or more,may.,2010,1,0,Player 1,1,13238,0,0
FROG-S3,9,0,0,5,Male,Math / Science,2,1,jun.,2010,2,1,Player 2,0,15540,1,1
FROG-S3,9,0,1,0,Male,Art / Music,2,1,mar.,2010,2,0,Player 1,0,13830,1,1
FROG-S3,9,0,1,2,Female,Art / Music,2,0,mar.,2010,2,1,Player 2,0,13735,1,1
FROG-S3,9,0,2,4,Female,Art / Music,2,2 or more,apr.,2010,2,1,Player 2,0,13860,1,1
FROG-S3,9,0,2,10,Female,French,2,1,sep.,2010,1,0,Player 1,2,28660,0,0
FROG-S3,9,0,3,8,Female,Art / Music,2,1,feb.,2010,2,0,Player 1,0,12714,1,1
FROG-S3,9,0,3,9,Male,Math / Science,2,1,mar.,2010,2,1,Player 2,0,9079,1,1
FROG-S3,9,0,4,3,Female,Math / Science,2,1,mar.,2010,1,1,Player 2,2,37079,0,0
FROG-S3,9,0,4,7,Male,Math / Science,2,1,dec.,2010,2,0,Player 1,2,35549,0,1
FROG-S3,9,0,5,6,Female,Art / Music,2,1,jan.,2010,2,1,Player 2,0,16079,1,1
FROG-S3,9,0,5,11,Female,Math / Science,2,2 or more,jun.,2010,1,0,Player 1,2,38173,0,0
FROG-S4,2,0,0,10,Female,Art / Music,2,1,nov.,2010,2,1,Player 2,1,354321,1,1
FROG-S4,2,0,0,11,Male,Math / Science,2,1,oct.,2010,2,0,Player 1,2,330285,1,1
FROG-S4,2,0,1,1,Male,Math / Science,2,1,may.,2010,2,1,Player 2,1,321212,1,1
FROG-S4,2,0,1,9,Male,Math / Science,2,0,apr.,2010,1,0,Player 1,1,318190,0,0
FROG-S4,2,0,2,3,Male,French,2,1,nov.,2010,1,0,Player 1,1,59549,0,0
FROG-S4,2,0,2,4,Female,Art / Music,2,2 or more,aug.,2010,2,1,Player 2,1,59440,1,1
FROG-S4,2,0,3,5,Male,Math / Science,2,1,nov.,2010,2,1,Player 2,1,328428,1,1
FROG-S4,2,0,3,7,Male,French,2,1,aug.,2010,2,0,Player 1,2,158930,1,1
FROG-S4,2,0,4,0,Female,French,2,1,dec.,2010,2,0,Player 1,2,29783,1,1
FROG-S4,2,0,4,8,Female,Art / Music,2,1,mar.,2010,2,1,Player 2,1,332385,1,1
FROG-S4,2,0,5,2,Female,French,2,0,jul.,2010,2,1,Player 2,1,26455,1,1
FROG-S4,2,0,5,6,Female,Art / Music,2,1,nov.,2010,2,0,Player 1,2,330255,1,1
FROG-S4,3,0,0,5,Male,Math / Science,2,1,nov.,2010,1,0,Player 1,0,27515,1,0
FROG-S4,3,0,0,9,Male,Math / Science,2,0,apr.,2010,1,1,Player 2,0,29800,0,0
FROG-S4,3,0,1,2,Female,French,2,0,jul.,2010,2,0,Player 1,0,13454,1,1
FROG-S4,3,0,1,6,Female,Art / Music,2,1,nov.,2010,2,1,Player 2,2,20766,1,1
FROG-S4,3,0,2,7,Male,French,2,1,aug.,2010,1,1,Player 2,1,25142,0,0
FROG-S4,3,0,2,8,Female,Art / Music,2,1,mar.,2010,1,0,Player 1,2,31873,0,0
FROG-S4,3,0,3,0,Female,French,2,1,dec.,2010,2,1,Player 2,2,21878,1,1
FROG-S4,3,0,3,4,Female,Art / Music,2,2 or more,aug.,2010,1,0,Player 1,2,22548,0,0
FROG-S4,3,0,4,10,Female,Art / Music,2,1,nov.,2010,1,0,Player 1,2,17470,0,0
FROG-S4,3,0,4,11,Male,Math / Science,2,1,oct.,2010,2,1,Player 2,2,14096,1,1
FROG-S4,3,0,5,1,Male,Math / Science,2,1,may.,2010,1,0,Player 1,0,18815,1,0
FROG-S4,3,0,5,3,Male,French,2,1,nov.,2010,1,1,Player 2,0,27923,0,0
FROG-S4,4,0,0,4,Female,Art / Music,2,2 or more,aug.,2010,2,1,Player 2,0,12953,1,1
FROG-S4,4,0,0,11,Male,Math / Science,2,1,oct.,2010,1,0,Player 1,1,22932,0,0
FROG-S4,4,0,1,5,Male,Math / Science,2,1,nov.,2010,2,1,Player 2,0,10863,1,1
FROG-S4,4,0,1,6,Female,Art / Music,2,1,nov.,2010,2,0,Player 1,2,21923,1,1
FROG-S4,4,0,2,2,Female,French,2,0,jul.,2010,2,1,Player 2,0,9219,1,1
FROG-S4,4,0,2,7,Male,French,2,1,aug.,2010,1,0,Player 1,0,9828,0,0
FROG-S4,4,0,3,3,Male,French,2,1,nov.,2010,1,0,Player 1,1,12813,0,0
FROG-S4,4,0,3,8,Female,Art / Music,2,1,mar.,2010,2,1,Player 2,0,6954,1,1
FROG-S4,4,0,4,0,Female,French,2,1,dec.,2010,2,0,Player 1,2,20532,1,1
FROG-S4,4,0,4,10,Female,Art / Music,2,1,nov.,2010,2,1,Player 2,0,13627,1,1
FROG-S4,4,0,5,1,Male,Math / Science,2,1,may.,2010,2,1,Player 2,0,34375,1,1
FROG-S4,4,0,5,9,Male,Math / Science,2,0,apr.,2010,2,0,Player 1,2,82246,1,1
FROG-S4,5,0,0,1,Male,Math / Science,2,1,may.,2010,2,0,Player 1,2,54744,1,1
FROG-S4,5,0,0,11,Male,Math / Science,2,1,oct.,2010,2,1,Player 2,2,8625,1,1
FROG-S4,5,0,1,0,Female,French,2,1,dec.,2010,2,1,Player 2,2,11845,1,1
FROG-S4,5,0,1,8,Female,Art / Music,2,1,mar.,2010,1,0,Player 1,0,12293,0,0
FROG-S4,5,0,2,4,Female,Art / Music,2,2 or more,aug.,2010,2,0,Player 1,2,15188,1,1
FROG-S4,5,0,2,6,Female,Art / Music,2,1,nov.,2010,2,1,Player 2,2,12112,1,1
FROG-S4,5,0,3,5,Male,Math / Science,2,1,nov.,2010,2,0,Player 1,2,21664,1,1
FROG-S4,5,0,3,9,Male,Math / Science,2,0,apr.,2010,2,1,Player 2,2,19908,1,1
FROG-S4,5,0,4,2,Female,French,2,0,jul.,2010,1,0,Player 1,0,15376,0,0
FROG-S4,5,0,4,7,Male,French,2,1,aug.,2010,2,1,Player 2,2,7798,1,1
FROG-S4,5,0,5,3,Male,French,2,1,nov.,2010,2,1,Player 2,2,19782,1,1
FROG-S4,5,0,5,10,Female,Art / Music,2,1,nov.,2010,1,0,Player 1,0,15795,0,0
FROG-S4,6,0,0,2,Female,French,2,0,jul.,2010,2,1,Player 2,1,5516,1,1
FROG-S4,6,0,0,11,Male,Math / Science,2,1,oct.,2010,1,0,Player 1,0,7871,0,0
FROG-S4,6,0,1,7,Male,French,2,1,aug.,2010,1,0,Player 1,1,7110,1,0
FROG-S4,6,0,1,8,Female,Art / Music,2,1,mar.,2010,1,1,Player 2,2,40426,0,0
FROG-S4,6,0,2,0,Female,French,2,1,dec.,2010,2,0,Player 1,1,12860,1,1
FROG-S4,6,0,2,5,Male,Math / Science,2,1,nov.,2010,2,1,Player 2,1,13631,1,1
FROG-S4,6,0,3,4,Female,Art / Music,2,2 or more,aug.,2010,2,1,Player 2,1,9407,1,1
FROG-S4,6,0,3,9,Male,Math / Science,2,0,apr.,2010,2,0,Player 1,1,38145,1,1
FROG-S4,6,0,4,6,Female,Art / Music,2,1,nov.,2010,2,0,Player 1,1,9750,1,1
FROG-S4,6,0,4,10,Female,Art / Music,2,1,nov.,2010,2,1,Player 2,1,24315,1,1
FROG-S4,6,0,5,1,Male,Math / Science,2,1,may.,2010,2,1,Player 2,1,9838,1,1
FROG-S4,6,0,5,3,Male,French,2,1,nov.,2010,2,0,Player 1,1,16298,1,1
FROG-S4,7,0,0,5,Male,Math / Science,2,1,nov.,2010,2,0,Player 1,2,9699,1,1
FROG-S4,7,0,0,7,Male,French,2,1,aug.,2010,2,1,Player 2,1,2625,1,1
FROG-S4,7,0,1,3,Male,French,2,1,nov.,2010,2,1,Player 2,1,26329,1,1
FROG-S4,7,0,1,4,Female,Art / Music,2,2 or more,aug.,2010,1,0,Player 1,1,13375,0,0
FROG-S4,7,0,2,6,Female,Art / Music,2,1,nov.,2010,2,1,Player 2,1,12688,1,1
FROG-S4,7,0,2,10,Female,Art / Music,2,1,nov.,2010,1,0,Player 1,1,13579,0,0
FROG-S4,7,0,3,0,Female,French,2,1,dec.,2010,2,1,Player 2,1,8828,1,1
FROG-S4,7,0,3,8,Female,Art / Music,2,1,mar.,2010,2,0,Player 1,2,18607,1,1
FROG-S4,7,0,4,1,Male,Math / Science,2,1,may.,2010,2,0,Player 1,2,11822,1,1
FROG-S4,7,0,4,9,Male,Math / Science,2,0,apr.,2010,2,1,Player 2,1,19957,1,1
FROG-S4,7,0,5,2,Female,French,2,0,jul.,2010,1,0,Player 1,1,19626,0,0
FROG-S4,7,0,5,11,Male,Math / Science,2,1,oct.,2010,2,1,Player 2,1,4792,1,1
FROG-S4,8,0,0,2,Female,French,2,0,jul.,2010,2,1,Player 2,0,8204,1,1
FROG-S4,8,0,0,7,Male,French,2,1,aug.,2010,1,0,Player 1,2,3157,0,0
FROG-S4,8,0,1,5,Male,Math / Science,2,1,nov.,2010,2,1,Player 2,0,11565,1,1
FROG-S4,8,0,1,11,Male,Math / Science,2,1,oct.,2010,1,0,Player 1,0,7422,0,0
FROG-S4,8,0,2,1,Male,Math / Science,2,1,may.,2010,2,1,Player 2,0,9437,1,1
FROG-S4,8,0,2,3,Male,French,2,1,nov.,2010,2,0,Player 1,1,10282,1,1
FROG-S4,8,0,3,6,Female,Art / Music,2,1,nov.,2010,2,0,Player 1,1,10953,1,1
FROG-S4,8,0,3,10,Female,Art / Music,2,1,nov.,2010,2,1,Player 2,0,7668,1,1
FROG-S4,8,0,4,4,Female,Art / Music,2,2 or more,aug.,2010,2,1,Player 2,0,9204,1,1
FROG-S4,8,0,4,9,Male,Math / Science,2,0,apr.,2010,2,0,Player 1,1,25794,1,1
FROG-S4,8,0,5,0,Female,French,2,1,dec.,2010,2,0,Player 1,1,8094,1,1
FROG-S4,8,0,5,8,Female,Art / Music,2,1,mar.,2010,2,1,Player 2,0,17344,1,1
FROG-S4,9,0,0,5,Male,Math / Science,2,1,nov.,2010,2,0,Player 1,0,12380,1,1
FROG-S4,9,0,0,6,Female,Art / Music,2,1,nov.,2010,2,1,Player 2,0,8516,1,1
FROG-S4,9,0,1,0,Female,French,2,1,dec.,2010,2,1,Player 2,0,6236,1,1
FROG-S4,9,0,1,4,Female,Art / Music,2,2 or more,aug.,2010,2,0,Player 1,0,10531,1,1
FROG-S4,9,0,2,1,Male,Math / Science,2,1,may.,2010,2,0,Player 1,0,10097,1,1
FROG-S4,9,0,2,9,Male,Math / Science,2,0,apr.,2010,2,1,Player 2,0,7766,1,1
FROG-S4,9,0,3,2,Female,French,2,0,jul.,2010,1,0,Player 1,2,9970,0,0
FROG-S4,9,0,3,3,Male,French,2,1,nov.,2010,2,1,Player 2,0,24735,1,1
FROG-S4,9,0,4,8,Female,Art / Music,2,1,mar.,2010,1,0,Player 1,1,12950,0,0
FROG-S4,9,0,4,11,Male,Math / Science,2,1,oct.,2010,2,1,Player 2,0,4761,1,1
FROG-S4,9,0,5,7,Male,French,2,1,aug.,2010,1,1,Player 2,2,7016,0,0
FROG-S4,9,0,5,10,Female,Art / Music,2,1,nov.,2010,2,0,Player 1,2,6388,0,1
FROG-S5,2,0,0,1,Male,Art / Music,2,0,jul.,2010,1,0,Player 1,0,70784,0,0
FROG-S5,2,0,0,9,Female,Art / Music,2,2 or more,sep.,2012,2,1,Player 2,1,37980,1,1
FROG-S5,2,0,1,0,Male,Math / Science,2,1,jul.,2010,1,0,Player 1,0,54722,0,0
FROG-S5,2,0,1,6,Female,Art / Music,2,1,aug.,2010,2,1,Player 2,1,143140,1,1
FROG-S5,2,0,2,4,Male,French,2,2 or more,nov.,2010,2,1,Player 2,1,111021,1,1
FROG-S5,2,0,2,5,Male,French,2,2 or more,aug.,2010,2,0,Player 1,2,119065,1,1
FROG-S5,2,0,3,3,Female,Art / Music,2,2 or more,nov.,2010,2,0,Player 1,2,100363,1,1
FROG-S5,2,0,3,8,Male,Math / Science,2,1,may.,2010,2,1,Player 2,1,24752,1,1
FROG-S5,2,0,4,2,Female,Math / Science,2,0,jul.,2010,2,1,Player 2,1,105114,1,1
FROG-S5,2,0,4,7,Female,Art / Music,2,1,dec.,2010,1,0,Player 1,1,177898,0,0
FROG-S5,2,0,5,10,Female,Art / Music,2,0,sep.,2010,1,0,Player 1,1,77171,0,0
FROG-S5,2,0,5,11,Female,Art / Music,2,1,sep.,2010,2,1,Player 2,1,75174,1,1
FROG-S5,3,0,0,1,Male,Art / Music,2,0,jul.,2010,2,1,Player 2,2,25798,1,1
FROG-S5,3,0,0,6,Female,Art / Music,2,1,aug.,2010,1,0,Player 1,1,51002,0,0
FROG-S5,3,0,1,3,Female,Art / Music,2,2 or more,nov.,2010,2,1,Player 2,2,37908,1,1
FROG-S5,3,0,1,8,Male,Math / Science,2,1,may.,2010,1,0,Player 1,1,24751,0,0
FROG-S5,3,0,2,7,Female,Art / Music,2,1,dec.,2010,2,1,Player 2,2,66690,1,1
FROG-S5,3,0,2,9,Female,Art / Music,2,2 or more,sep.,2012,1,0,Player 1,2,19359,0,0
FROG-S5,3,0,3,0,Male,Math / Science,2,1,jul.,2010,1,1,Player 2,0,41887,0,0
FROG-S5,3,0,3,4,Male,French,2,2 or more,nov.,2010,1,0,Player 1,1,8220,0,0
FROG-S5,3,0,4,10,Female,Art / Music,2,0,sep.,2010,1,1,Player 2,1,42808,0,0
FROG-S5,3,0,4,11,Female,Art / Music,2,1,sep.,2010,1,0,Player 1,2,18314,0,0
FROG-S5,3,0,5,2,Female,Math / Science,2,0,jul.,2010,1,0,Player 1,2,18235,0,0
FROG-S5,3,0,5,5,Male,French,2,2 or more,aug.,2010,2,1,Player 2,2,16491,1,1
FROG-S5,4,0,0,3,Female,Art / Music,2,2 or more,nov.,2010,1,0,Player 1,1,17485,0,0
FROG-S5,4,0,0,8,Male,Math / Science,2,1,may.,2010,2,1,Player 2,0,36077,1,1
FROG-S5,4,0,1,0,Male,Math / Science,2,1,jul.,2010,1,0,Player 1,1,35236,0,0
FROG-S5,4,0,1,6,Female,Art / Music,2,1,aug.,2010,2,1,Player 2,0,20643,1,1
FROG-S5,4,0,2,1,Male,Art / Music,2,0,jul.,2010,2,0,Player 1,2,33455,1,1
FROG-S5,4,0,2,9,Female,Art / Music,2,2 or more,sep.,2012,2,1,Player 2,0,16592,1,1
FROG-S5,4,0,3,5,Male,French,2,2 or more,aug.,2010,1,0,Player 1,1,23694,0,0
FROG-S5,4,0,3,11,Female,Art / Music,2,1,sep.,2010,2,1,Player 2,0,27001,1,1
FROG-S5,4,0,4,2,Female,Math / Science,2,0,jul.,2010,1,1,Player 2,1,7203,0,0
FROG-S5,4,0,4,10,Female,Art / Music,2,0,sep.,2010,2,0,Player 1,1,10939,0,1
FROG-S5,4,0,5,4,Male,French,2,2 or more,nov.,2010,2,1,Player 2,0,10188,1,1
FROG-S5,4,0,5,7,Female,Art / Music,2,1,dec.,2010,1,0,Player 1,0,14266,0,0
FROG-S5,5,0,0,5,Male,French,2,2 or more,aug.,2010,2,1,Player 2,2,24330,1,1
FROG-S5,5,0,0,8,Male,Math / Science,2,1,may.,2010,1,0,Player 1,0,13303,0,0
FROG-S5,5,0,1,4,Male,French,2,2 or more,nov.,2010,1,0,Player 1,0,35295,0,0
FROG-S5,5,0,1,7,Female,Art / Music,2,1,dec.,2010,1,1,Player 2,0,16063,0,0
FROG-S5,5,0,2,1,Male,Art / Music,2,0,jul.,2010,2,1,Player 2,2,18078,1,1
FROG-S5,5,0,2,9,Female,Art / Music,2,2 or more,sep.,2012,1,0,Player 1,0,27349,0,0
FROG-S5,5,0,3,0,Male,Math / Science,2,1,jul.,2010,2,1,Player 2,2,15053,1,1
FROG-S5,5,0,3,6,Female,Art / Music,2,1,aug.,2010,2,0,Player 1,2,16008,1,1
FROG-S5,5,0,4,2,Female,Math / Science,2,0,jul.,2010,1,0,Player 1,0,29151,0,0
FROG-S5,5,0,4,3,Female,Art / Music,2,2 or more,nov.,2010,2,1,Player 2,2,10500,1,1
FROG-S5,5,0,5,10,Female,Art / Music,2,0,sep.,2010,1,1,Player 2,0,28094,0,0
FROG-S5,5,0,5,11,Female,Art / Music,2,1,sep.,2010,2,0,Player 1,1,14204,0,1
FROG-S5,6,0,0,1,Male,Art / Music,2,0,jul.,2010,1,0,Player 1,0,18845,0,0
FROG-S5,6,0,0,2,Female,Math / Science,2,0,jul.,2010,2,1,Player 2,1,8688,1,1
FROG-S5,6,0,1,8,Male,Math / Science,2,1,may.,2010,2,1,Player 2,1,15783,1,1
FROG-S5,6,0,1,10,Female,Art / Music,2,0,sep.,2010,1,0,Player 1,2,21180,0,0
FROG-S5,6,0,2,5,Male,French,2,2 or more,aug.,2010,2,0,Player 1,1,57766,1,1
FROG-S5,6,0,2,9,Female,Art / Music,2,2 or more,sep.,2012,2,1,Player 2,1,10792,1,1
FROG-S5,6,0,3,6,Female,Art / Music,2,1,aug.,2010,1,1,Player 2,2,6979,0,0
FROG-S5,6,0,3,7,Female,Art / Music,2,1,dec.,2010,2,0,Player 1,0,23704,0,1
FROG-S5,6,0,4,3,Female,Art / Music,2,2 or more,nov.,2010,1,0,Player 1,0,41767,0,0
FROG-S5,6,0,4,11,Female,Art / Music,2,1,sep.,2010,1,1,Player 2,0,11376,0,0
FROG-S5,6,0,5,0,Male,Math / Science,2,1,jul.,2010,1,0,Player 1,2,8939,0,0
FROG-S5,6,0,5,4,Male,French,2,2 or more,nov.,2010,2,1,Player 2,1,7238,1,1
FROG-S5,7,0,0,7,Female,Art / Music,2,1,dec.,2010,1,1,Player 2,2,11063,0,0
FROG-S5,7,0,0,11,Female,Art / Music,2,1,sep.,2010,1,0,Player 1,2,9672,1,0
FROG-S5,7,0,1,5,Male,French,2,2 or more,aug.,2010,2,1,Player 2,1,18768,1,1
FROG-S5,7,0,1,8,Male,Math / Science,2,1,may.,2010,2,0,Player 1,2,27655,1,1
FROG-S5,7,0,2,2,Female,Math / Science,2,0,jul.,2010,1,0,Player 1,1,14220,0,0
FROG-S5,7,0,2,10,Female,Art / Music,2,0,sep.,2010,2,1,Player 2,1,17147,1,1
FROG-S5,7,0,3,1,Male,Art / Music,2,0,jul.,2010,1,1,Player 2,0,17985,0,0
FROG-S5,7,0,3,6,Female,Art / Music,2,1,aug.,2010,1,0,Player 1,0,14062,0,0
FROG-S5,7,0,4,0,Male,Math / Science,2,1,jul.,2010,1,1,Player 2,2,21327,0,0
FROG-S5,7,0,4,4,Male,French,2,2 or more,nov.,2010,1,0,Player 1,1,47537,0,0
FROG-S5,7,0,5,3,Female,Art / Music,2,2 or more,nov.,2010,2,1,Player 2,1,14016,1,1
FROG-S5,7,0,5,9,Female,Art / Music,2,2 or more,sep.,2012,1,0,Player 1,1,6794,0,0
FROG-S5,8,0,0,3,Female,Art / Music,2,2 or more,nov.,2010,2,0,Player 1,0,10516,0,1
FROG-S5,8,0,0,9,Female,Art / Music,2,2 or more,sep.,2012,1,1,Player 2,1,5484,0,0
FROG-S5,8,0,1,10,Female,Art / Music,2,0,sep.,2010,1,0,Player 1,0,20982,0,0
FROG-S5,8,0,1,11,Female,Art / Music,2,1,sep.,2010,2,1,Player 2,0,20266,1,1
FROG-S5,8,0,2,2,Female,Math / Science,2,0,jul.,2010,2,1,Player 2,0,16001,1,1
FROG-S5,8,0,2,7,Female,Art / Music,2,1,dec.,2010,2,0,Player 1,1,34314,1,1
FROG-S5,8,0,3,5,Male,French,2,2 or more,aug.,2010,1,0,Player 1,0,7992,0,0
FROG-S5,8,0,3,6,Female,Art / Music,2,1,aug.,2010,2,1,Player 2,0,5818,1,1
FROG-S5,8,0,4,1,Male,Art / Music,2,0,jul.,2010,2,0,Player 1,1,16845,1,1
FROG-S5,8,0,4,8,Male,Math / Science,2,1,may.,2010,2,1,Player 2,0,7595,1,1
FROG-S5,8,0,5,0,Male,Math / Science,2,1,jul.,2010,1,0,Player 1,2,46109,0,0
FROG-S5,8,0,5,4,Male,French,2,2 or more,nov.,2010,2,1,Player 2,0,24939,1,1
FROG-S5,9,0,0,6,Female,Art / Music,2,1,aug.,2010,2,0,Player 1,0,22295,1,1
FROG-S5,9,0,0,7,Female,Art / Music,2,1,dec.,2010,2,1,Player 2,0,13594,1,1
FROG-S5,9,0,1,5,Male,French,2,2 or more,aug.,2010,2,1,Player 2,0,14419,1,1
FROG-S5,9,0,1,9,Female,Art / Music,2,2 or more,sep.,2012,1,0,Player 1,2,42879,0,0
FROG-S5,9,0,2,1,Male,Art / Music,2,0,jul.,2010,1,1,Player 2,2,12625,0,0
FROG-S5,9,0,2,4,Male,French,2,2 or more,nov.,2010,1,0,Player 1,1,17526,0,0
FROG-S5,9,0,3,0,Male,Math / Science,2,1,jul.,2010,2,1,Player 2,0,34389,1,1
FROG-S5,9,0,3,11,Female,Art / Music,2,1,sep.,2010,2,0,Player 1,0,13206,1,1
FROG-S5,9,0,4,2,Female,Math / Science,2,0,jul.,2010,1,0,Player 1,2,33579,0,0
FROG-S5,9,0,4,3,Female,Art / Music,2,2 or more,nov.,2010,2,1,Player 2,0,11141,1,1
FROG-S5,9,0,5,8,Male,Math / Science,2,1,may.,2010,1,0,Player 1,0,39532,1,0
FROG-S5,9,0,5,10,Female,Art / Music,2,0,sep.,2010,1,1,Player 2,1,17204,0,0
FROG-S6,2,0,0,1,Male,unknown,1,unknown,jul.,2011,1,0,Player 1,0,39330,0,0
FROG-S6,2,0,0,8,Male,unknown,K,unknown,sep.,2012,2,1,Player 2,1,74821,1,1
FROG-S6,2,0,1,4,Female,unknown,1,unknown,dec.,2011,2,1,Player 2,1,36072,1,1
FROG-S6,2,0,1,11,Male,unknown,K,unknown,aug.,2012,1,0,Player 1,0,126386,0,0
FROG-S6,2,0,2,0,Female,unknown,1,unknown,nov.,2011,1,0,Player 1,0,22297,0,0
FROG-S6,2,0,2,9,Male,unknown,K,unknown,may.,2012,2,1,Player 2,1,39377,1,1
FROG-S6,2,0,3,7,Female,unknown,K,unknown,mar.,2012,2,1,Player 2,1,129380,1,1
FROG-S6,2,0,3,10,Male,unknown,1,unknown,may.,2011,1,0,Player 1,0,51494,0,0
FROG-S6,2,0,4,2,Female,unknown,1,unknown,jun.,2011,1,0,Player 1,2,39894,1,0
FROG-S6,2,0,4,5,Female,unknown,K,unknown,dec.,2012,1,1,Player 2,2,38975,0,0
FROG-S6,2,0,5,3,Male,unknown,1,unknown,nov.,2011,2,1,Player 2,1,46622,1,1
FROG-S6,2,0,5,6,Female,unknown,1,unknown,aug.,2011,1,0,Player 1,0,29204,0,0
FROG-S6,3,0,0,2,Female,unknown,1,unknown,jun.,2011,2,1,Player 2,2,44020,1,1
FROG-S6,3,0,0,3,Male,unknown,1,unknown,nov.,2011,2,0,Player 1,0,40575,1,1
FROG-S6,3,0,1,1,Male,unknown,1,unknown,jul.,2011,1,1,Player 2,0,30486,0,0
FROG-S6,3,0,1,5,Female,unknown,K,unknown,dec.,2012,1,0,Player 1,0,49252,1,0
FROG-S6,3,0,2,0,Female,unknown,1,unknown,nov.,2011,2,1,Player 2,2,33439,1,1
FROG-S6,3,0,2,9,Male,unknown,K,unknown,may.,2012,1,0,Player 1,2,30017,0,0
FROG-S6,3,0,3,8,Male,unknown,K,unknown,sep.,2012,1,0,Player 1,2,36451,0,0
FROG-S6,3,0,3,10,Male,unknown,1,unknown,may.,2011,2,1,Player 2,2,19004,1,1
FROG-S6,3,0,4,6,Female,unknown,1,unknown,aug.,2011,2,1,Player 2,2,19954,1,1
FROG-S6,3,0,4,7,Female,unknown,K,unknown,mar.,2012,1,0,Player 1,2,42111,0,0
FROG-S6,3,0,5,4,Female,unknown,1,unknown,dec.,2011,1,0,Player 1,0,20320,1,0
FROG-S6,3,0,5,11,Male,unknown,K,unknown,aug.,2012,1,1,Player 2,0,57059,0,0
FROG-S6,4,0,0,5,Female,unknown,K,unknown,dec.,2012,2,1,Player 2,0,20876,1,1
FROG-S6,4,0,0,11,Male,unknown,K,unknown,aug.,2012,1,0,Player 1,0,39965,0,0
FROG-S6,4,0,1,6,Female,unknown,1,unknown,aug.,2011,2,0,Player 1,1,8423,0,1
FROG-S6,4,0,1,8,Male,unknown,K,unknown,sep.,2012,1,1,Player 2,1,51650,0,0
FROG-S6,4,0,2,0,Female,unknown,1,unknown,nov.,2011,1,0,Player 1,1,19719,0,0
FROG-S6,4,0,2,9,Male,unknown,K,unknown,may.,2012,2,1,Player 2,0,31032,1,1
FROG-S6,4,0,3,1,Male,unknown,1,unknown,jul.,2011,2,0,Player 1,1,9672,0,1
FROG-S6,4,0,3,4,Female,unknown,1,unknown,dec.,2011,1,1,Player 2,1,15082,0,0
FROG-S6,4,0,4,2,Female,unknown,1,unknown,jun.,2011,2,0,Player 1,1,52459,0,1
FROG-S6,4,0,4,7,Female,unknown,K,unknown,mar.,2012,1,1,Player 2,1,10626,0,0
FROG-S6,4,0,5,3,Male,unknown,1,unknown,nov.,2011,1,1,Player 2,1,47691,0,0
FROG-S6,4,0,5,10,Male,unknown,1,unknown,may.,2011,2,0,Player 1,1,104214,0,1
FROG-S6,5,0,0,5,Female,unknown,K,unknown,dec.,2012,1,0,Player 1,2,8001,1,0
FROG-S6,5,0,0,6,Female,unknown,1,unknown,aug.,2011,1,1,Player 2,1,17970,0,0
FROG-S6,5,0,1,8,Male,unknown,K,unknown,sep.,2012,1,0,Player 1,0,18915,0,0
FROG-S6,5,0,1,11,Male,unknown,K,unknown,aug.,2012,2,1,Player 2,2,83316,1,1
FROG-S6,5,0,2,7,Female,unknown,K,unknown,mar.,2012,1,0,Player 1,0,16297,0,0
FROG-S6,5,0,2,10,Male,unknown,1,unknown,may.,2011,2,1,Player 2,2,26898,1,1
FROG-S6,5,0,3,1,Male,unknown,1,unknown,jul.,2011,2,1,Player 2,2,14566,1,1
FROG-S6,5,0,3,3,Male,unknown,1,unknown,nov.,2011,2,0,Player 1,2,15898,1,1
FROG-S6,5,0,4,0,Female,unknown,1,unknown,nov.,2011,1,1,Player 2,1,19485,0,0
FROG-S6,5,0,4,4,Female,unknown,1,unknown,dec.,2011,2,0,Player 1,0,23049,0,1
FROG-S6,5,0,5,2,Female,unknown,1,unknown,jun.,2011,2,1,Player 2,2,31616,1,1
FROG-S6,5,0,5,9,Male,unknown,K,unknown,may.,2012,1,0,Player 1,1,58111,0,0
FROG-S6,6,0,0,1,Male,unknown,1,unknown,jul.,2011,1,0,Player 1,0,14922,0,0
FROG-S6,6,0,0,5,Female,unknown,K,unknown,dec.,2012,1,1,Player 2,0,8250,0,0
FROG-S6,6,0,1,8,Male,unknown,K,unknown,sep.,2012,2,1,Player 2,1,8906,1,1
FROG-S6,6,0,1,11,Male,unknown,K,unknown,aug.,2012,1,0,Player 1,0,15611,0,0
FROG-S6,6,0,2,0,Female,unknown,1,unknown,nov.,2011,1,0,Player 1,0,16751,0,0
FROG-S6,6,0,2,3,Male,unknown,1,unknown,nov.,2011,2,1,Player 2,1,7265,1,1
FROG-S6,6,0,3,6,Female,unknown,1,unknown,aug.,2011,1,0,Player 1,0,7234,0,0
FROG-S6,6,0,3,7,Female,unknown,K,unknown,mar.,2012,2,1,Player 2,1,13751,1,1
FROG-S6,6,0,4,2,Female,unknown,1,unknown,jun.,2011,1,0,Player 1,0,44645,0,0
FROG-S6,6,0,4,9,Male,unknown,K,unknown,may.,2012,2,1,Player 2,1,12641,1,1
FROG-S6,6,0,5,4,Female,unknown,1,unknown,dec.,2011,2,1,Player 2,1,15475,1,1
FROG-S6,6,0,5,10,Male,unknown,1,unknown,may.,2011,1,0,Player 1,0,43370,0,0
FROG-S6,7,0,0,6,Female,unknown,1,unknown,aug.,2011,2,1,Player 2,1,5953,1,1
FROG-S6,7,0,0,7,Female,unknown,K,unknown,mar.,2012,1,0,Player 1,1,12766,0,0
FROG-S6,7,0,1,1,Male,unknown,1,unknown,jul.,2011,2,1,Player 2,1,17079,1,1
FROG-S6,7,0,1,8,Male,unknown,K,unknown,sep.,2012,1,0,Player 1,1,18713,0,0
FROG-S6,7,0,2,0,Female,unknown,1,unknown,nov.,2011,1,1,Player 2,0,8110,0,0
FROG-S6,7,0,2,3,Male,unknown,1,unknown,nov.,2011,1,0,Player 1,0,10858,0,0
FROG-S6,7,0,3,2,Female,unknown,1,unknown,jun.,2011,2,1,Player 2,1,33004,1,1
FROG-S6,7,0,3,9,Male,unknown,K,unknown,may.,2012,2,0,Player 1,2,8781,1,1
FROG-S6,7,0,4,5,Female,unknown,K,unknown,dec.,2012,1,0,Player 1,1,16775,0,0
FROG-S6,7,0,4,11,Male,unknown,K,unknown,aug.,2012,2,1,Player 2,1,45331,1,1
FROG-S6,7,0,5,4,Female,unknown,1,unknown,dec.,2011,1,0,Player 1,1,15782,0,0
FROG-S6,7,0,5,10,Male,unknown,1,unknown,may.,2011,2,1,Player 2,1,21359,1,1
FROG-S6,8,0,0,0,Female,unknown,1,unknown,nov.,2011,2,0,Player 1,0,17219,0,1
FROG-S6,8,0,0,3,Male,unknown,1,unknown,nov.,2011,1,1,Player 2,1,9374,0,0
FROG-S6,8,0,1,1,Male,unknown,1,unknown,jul.,2011,2,0,Player 1,0,27595,0,1
FROG-S6,8,0,1,9,Male,unknown,K,unknown,may.,2012,1,1,Player 2,1,8797,0,0
FROG-S6,8,0,2,7,Female,unknown,K,unknown,mar.,2012,1,1,Player 2,1,32189,0,0
FROG-S6,8,0,2,11,Male,unknown,K,unknown,aug.,2012,1,0,Player 1,1,57548,1,0
FROG-S6,8,0,3,5,Female,unknown,K,unknown,dec.,2012,1,1,Player 2,1,8969,0,0
FROG-S6,8,0,3,6,Female,unknown,1,unknown,aug.,2011,2,0,Player 1,0,5251,0,1
FROG-S6,8,0,4,2,Female,unknown,1,unknown,jun.,2011,1,0,Player 1,1,34778,1,0
FROG-S6,8,0,4,8,Male,unknown,K,unknown,sep.,2012,1,1,Player 2,1,11511,0,0
FROG-S6,8,0,5,4,Female,unknown,1,unknown,dec.,2011,2,1,Player 2,0,8017,1,1
FROG-S6,8,0,5,10,Male,unknown,1,unknown,may.,2011,1,0,Player 1,0,33502,0,0
FROG-S6,9,0,0,2,Female,unknown,1,unknown,jun.,2011,1,1,Player 2,2,10650,0,0
FROG-S6,9,0,0,8,Male,unknown,K,unknown,sep.,2012,2,0,Player 1,2,8886,0,1
FROG-S6,9,0,1,7,Female,unknown,K,unknown,mar.,2012,2,0,Player 1,2,10829,0,1
FROG-S6,9,0,1,10,Male,unknown,1,unknown,may.,2011,1,1,Player 2,2,16410,0,0
FROG-S6,9,0,2,0,Female,unknown,1,unknown,nov.,2011,1,1,Player 2,2,22610,0,0
FROG-S6,9,0,2,4,Female,unknown,1,unknown,dec.,2011,1,0,Player 1,0,38251,1,0
FROG-S6,9,0,3,3,Male,unknown,1,unknown,nov.,2011,1,0,Player 1,1,11537,0,0
FROG-S6,9,0,3,6,Female,unknown,1,unknown,aug.,2011,1,1,Player 2,2,7266,0,0
FROG-S6,9,0,4,5,Female,unknown,K,unknown,dec.,2012,1,0,Player 1,1,8297,0,0
FROG-S6,9,0,4,11,Male,unknown,K,unknown,aug.,2012,1,1,Player 2,2,25329,0,0
FROG-S6,9,0,5,1,Male,unknown,1,unknown,jul.,2011,2,1,Player 2,0,9203,1,1
FROG-S6,9,0,5,9,Male,unknown,K,unknown,may.,2012,1,0,Player 1,1,10063,0,0
FROG-S7,2,0,0,5,Male,English,1,0,nov.,2011,1,0,Player 1,0,58631,0,0
FROG-S7,2,0,0,7,Male,English,1,1,oct.,2011,2,1,Player 2,1,17938,1,1
FROG-S7,2,0,1,0,Female,Art / Music,1,2 or more,aug.,2011,2,1,Player 2,1,25205,1,1
FROG-S7,2,0,1,9,Female,French,1,1,oct.,2011,1,0,Player 1,0,78315,0,0
FROG-S7,2,0,2,3,Female,French,1,1,oct.,2011,2,1,Player 2,1,51880,1,1
FROG-S7,2,0,2,4,Female,English,1,1,nov.,2011,2,0,Player 1,2,34611,1,1
FROG-S7,2,0,3,8,Female,Art / Music,1,1,sep.,2011,1,0,Player 1,0,72649,0,0
FROG-S7,2,0,3,11,Male,English,1,1,jul.,2011,2,1,Player 2,1,28048,1,1
FROG-S7,2,0,4,1,Male,Art / Music,1,1,may.,2011,2,0,Player 1,2,24485,1,1
FROG-S7,2,0,4,10,Female,English,1,1,nov.,2011,2,1,Player 2,1,95035,1,1
FROG-S7,2,0,5,2,Male,Math / Science,1,1,mar.,2011,1,0,Player 1,0,20236,0,0
FROG-S7,2,0,5,6,Female,Math / Science,1,2 or more,aug.,2011,1,1,Player 2,2,37363,0,0
FROG-S7,3,0,0,7,Male,English,1,1,oct.,2011,1,0,Player 1,2,28845,0,0
FROG-S7,3,0,0,9,Female,French,1,1,oct.,2011,2,1,Player 2,2,93035,1,1
FROG-S7,3,0,1,0,Female,Art / Music,1,2 or more,aug.,2011,1,0,Player 1,2,36533,0,0
FROG-S7,3,0,1,2,Male,Math / Science,1,1,mar.,2011,2,1,Player 2,2,14317,1,1
FROG-S7,3,0,2,1,Male,Art / Music,1,1,may.,2011,2,1,Player 2,2,21907,1,1
FROG-S7,3,0,2,10,Female,English,1,1,nov.,2011,1,0,Player 1,1,87573,0,0
FROG-S7,3,0,3,3,Female,French,1,1,oct.,2011,2,0,Player 1,1,13361,0,1
FROG-S7,3,0,3,8,Female,Art / Music,1,1,sep.,2011,1,1,Player 2,1,17799,0,0
FROG-S7,3,0,4,5,Male,English,1,0,nov.,2011,2,1,Player 2,2,30855,1,1
FROG-S7,3,0,4,11,Male,English,1,1,jul.,2011,1,0,Player 1,2,21829,0,0
FROG-S7,3,0,5,4,Female,English,1,1,nov.,2011,2,1,Player 2,2,35939,1,1
FROG-S7,3,0,5,6,Female,Math / Science,1,2 or more,aug.,2011,1,0,Player 1,1,51175,0,0
FROG-S7,4,0,0,8,Female,Art / Music,1,1,sep.,2011,2,0,Player 1,1,7532,0,1
FROG-S7,4,0,0,10,Female,English,1,1,nov.,2011,1,1,Player 2,1,24866,0,0
FROG-S7,4,0,1,1,Male,Art / Music,1,1,may.,2011,2,0,Player 1,2,43674,1,1
FROG-S7,4,0,1,6,Female,Math / Science,1,2 or more,aug.,2011,2,1,Player 2,0,26393,1,1
FROG-S7,4,0,2,7,Male,English,1,1,oct.,2011,1,1,Player 2,2,20688,0,0
FROG-S7,4,0,2,9,Female,French,1,1,oct.,2011,1,0,Player 1,1,57128,0,0
FROG-S7,4,0,3,0,Female,Art / Music,1,2 or more,aug.,2011,1,1,Player 2,1,27892,0,0
FROG-S7,4,0,3,2,Male,Math / Science,1,1,mar.,2011,2,0,Player 1,1,6194,0,1
FROG-S7,4,0,4,3,Female,French,1,1,oct.,2011,1,1,Player 2,1,13563,0,0
FROG-S7,4,0,4,5,Male,English,1,0,nov.,2011,2,0,Player 1,1,16084,0,1
FROG-S7,4,0,5,4,Female,English,1,1,nov.,2011,1,0,Player 1,1,42752,0,0
FROG-S7,4,0,5,11,Male,English,1,1,jul.,2011,2,1,Player 2,0,21719,1,1
FROG-S7,5,0,0,4,Female,English,1,1,nov.,2011,2,1,Player 2,2,24189,1,1
FROG-S7,5,0,0,7,Male,English,1,1,oct.,2011,1,0,Player 1,0,6657,0,0
FROG-S7,5,0,1,5,Male,English,1,0,nov.,2011,1,1,Player 2,1,12549,0,0
FROG-S7,5,0,1,6,Female,Math / Science,1,2 or more,aug.,2011,2,0,Player 1,0,19518,0,1
FROG-S7,5,0,2,8,Female,Art / Music,1,1,sep.,2011,1,1,Player 2,1,33753,0,0
FROG-S7,5,0,2,10,Female,English,1,1,nov.,2011,1,0,Player 1,2,50473,1,0
FROG-S7,5,0,3,2,Male,Math / Science,1,1,mar.,2011,2,1,Player 2,2,9358,1,1
FROG-S7,5,0,3,3,Female,French,1,1,oct.,2011,1,0,Player 1,0,8360,0,0
FROG-S7,5,0,4,1,Male,Art / Music,1,1,may.,2011,1,1,Player 2,1,45511,0,0
FROG-S7,5,0,4,11,Male,English,1,1,jul.,2011,1,0,Player 1,2,25329,1,0
FROG-S7,5,0,5,0,Female,Art / Music,1,2 or more,aug.,2011,1,0,Player 1,0,28783,0,0
FROG-S7,5,0,5,9,Female,French,1,1,oct.,2011,2,1,Player 2,2,14267,1,1
FROG-S7,6,0,0,3,Female,French,1,1,oct.,2011,1,1,Player 2,2,22415,0,0
FROG-S7,6,0,0,4,Female,English,1,1,nov.,2011,2,0,Player 1,0,20391,0,1
FROG-S7,6,0,1,0,Female,Art / Music,1,2 or more,aug.,2011,2,1,Player 2,1,27502,1,1
FROG-S7,6,0,1,8,Female,Art / Music,1,1,sep.,2011,1,0,Player 1,0,10017,0,0
FROG-S7,6,0,2,2,Male,Math / Science,1,1,mar.,2011,1,0,Player 1,0,7855,0,0
FROG-S7,6,0,2,6,Female,Math / Science,1,2 or more,aug.,2011,1,1,Player 2,0,37879,0,0
FROG-S7,6,0,3,1,Male,Art / Music,1,1,may.,2011,1,0,Player 1,2,3657,0,0
FROG-S7,6,0,3,10,Female,English,1,1,nov.,2011,2,1,Player 2,1,25367,1,1
FROG-S7,6,0,4,7,Male,English,1,1,oct.,2011,2,1,Player 2,1,10798,1,1
FROG-S7,6,0,4,9,Female,French,1,1,oct.,2011,1,0,Player 1,2,41002,0,0
FROG-S7,6,0,5,5,Male,English,1,0,nov.,2011,1,0,Player 1,0,16086,0,0
FROG-S7,6,0,5,11,Male,English,1,1,jul.,2011,2,1,Player 2,1,10156,1,1
FROG-S7,7,0,0,7,Male,English,1,1,oct.,2011,1,0,Player 1,1,17205,0,0
FROG-S7,7,0,0,9,Female,French,1,1,oct.,2011,2,1,Player 2,1,19111,1,1
FROG-S7,7,0,1,0,Female,Art / Music,1,2 or more,aug.,2011,2,0,Player 1,2,23422,1,1
FROG-S7,7,0,1,4,Female,English,1,1,nov.,2011,2,1,Player 2,1,14610,1,1
FROG-S7,7,0,2,6,Female,Math / Science,1,2 or more,aug.,2011,2,0,Player 1,0,15908,0,1
FROG-S7,7,0,2,8,Female,Art / Music,1,1,sep.,2011,1,1,Player 2,2,13371,0,0
FROG-S7,7,0,3,2,Male,Math / Science,1,1,mar.,2011,2,1,Player 2,1,5130,1,1
FROG-S7,7,0,3,3,Female,French,1,1,oct.,2011,2,0,Player 1,2,14642,1,1
FROG-S7,7,0,4,5,Male,English,1,0,nov.,2011,2,1,Player 2,1,9653,1,1
FROG-S7,7,0,4,10,Female,English,1,1,nov.,2011,1,0,Player 1,0,13983,0,0
FROG-S7,7,0,5,1,Male,Art / Music,1,1,may.,2011,1,1,Player 2,2,7453,0,0
FROG-S7,7,0,5,11,Male,English,1,1,jul.,2011,1,0,Player 1,2,11438,1,0
FROG-S7,8,0,0,0,Female,Art / Music,1,2 or more,aug.,2011,1,1,Player 2,1,15378,0,0
FROG-S7,8,0,0,4,Female,English,1,1,nov.,2011,2,0,Player 1,0,10438,0,1
FROG-S7,8,0,1,9,Female,French,1,1,oct.,2011,1,0,Player 1,0,41611,0,0
FROG-S7,8,0,1,11,Male,English,1,1,jul.,2011,2,1,Player 2,0,7985,1,1
FROG-S7,8,0,2,7,Male,English,1,1,oct.,2011,2,1,Player 2,0,18969,1,1
FROG-S7,8,0,2,8,Female,Art / Music,1,1,sep.,2011,1,0,Player 1,0,8267,0,0
FROG-S7,8,0,3,3,Female,French,1,1,oct.,2011,2,1,Player 2,0,8548,1,1
FROG-S7,8,0,3,5,Male,English,1,0,nov.,2011,1,0,Player 1,0,9987,0,0
FROG-S7,8,0,4,1,Male,Art / Music,1,1,may.,2011,1,0,Player 1,2,3516,0,0
FROG-S7,8,0,4,10,Female,English,1,1,nov.,2011,2,1,Player 2,0,37217,1,1
FROG-S7,8,0,5,2,Male,Math / Science,1,1,mar.,2011,1,0,Player 1,0,50901,0,0
FROG-S7,8,0,5,6,Female,Math / Science,1,2 or more,aug.,2011,1,1,Player 2,2,8774,0,0
FROG-S7,9,0,0,0,Female,Art / Music,1,2 or more,aug.,2011,1,0,Player 1,2,23329,0,0
FROG-S7,9,0,0,2,Male,Math / Science,1,1,mar.,2011,2,1,Player 2,0,10519,1,1
FROG-S7,9,0,1,5,Male,English,1,0,nov.,2011,2,1,Player 2,0,12507,1,1
FROG-S7,9,0,1,6,Female,Math / Science,1,2 or more,aug.,2011,1,0,Player 1,1,38883,0,0
FROG-S7,9,0,2,4,Female,English,1,1,nov.,2011,2,1,Player 2,0,11360,1,1
FROG-S7,9,0,2,11,Male,English,1,1,jul.,2011,2,0,Player 1,0,36079,1,1
FROG-S7,9,0,3,3,Female,French,1,1,oct.,2011,2,0,Player 1,1,6017,0,1
FROG-S7,9,0,3,8,Female,Art / Music,1,1,sep.,2011,1,1,Player 2,1,6266,0,0
FROG-S7,9,0,4,1,Male,Art / Music,1,1,may.,2011,1,1,Player 2,2,41877,0,0
FROG-S7,9,0,4,10,Female,English,1,1,nov.,2011,1,0,Player 1,1,41981,0,0
FROG-S7,9,0,5,7,Male,English,1,1,oct.,2011,1,0,Player 1,2,16657,0,0
FROG-S7,9,0,5,9,Female,French,1,1,oct.,2011,2,1,Player 2,0,35064,1,1
FROG-S8,2,0,0,0,Male,Math / Science,K,1,sep.,2012,2,1,Player 2,1,26939,1,1
FROG-S8,2,0,0,3,Female,Art / Music,K,1,jan.,2012,1,0,Player 1,0,107425,0,0
FROG-S8,2,0,1,1,Female,Art / Music,K,1,jan.,2013,1,0,Player 1,1,28173,0,0
FROG-S8,2,0,1,2,Male,Art / Music,K,0,sep.,2012,1,1,Player 2,0,66483,0,0
FROG-S8,2,0,2,5,Female,Art / Music,K,0,feb.,2012,2,1,Player 2,1,113223,1,1
FROG-S8,2,0,2,10,Female,English,K,1,jan.,2012,2,0,Player 1,2,143850,1,1
FROG-S8,2,0,3,7,Male,Math / Science,K,0,nov.,2012,1,0,Player 1,0,155241,0,0
FROG-S8,2,0,3,8,Female,Art / Music,K,1,jun.,2012,1,1,Player 2,2,38605,0,0
FROG-S8,2,0,4,4,Male,French,K,1,jan.,2012,1,0,Player 1,1,49709,0,0
FROG-S8,2,0,4,11,Female,French,K,1,aug.,2012,2,1,Player 2,1,139362,1,1
FROG-S8,2,0,5,6,Female,Art / Music,K,1,jan.,2012,1,0,Player 1,0,77019,0,0
FROG-S8,2,0,5,9,Female,Math / Science,K,0,oct.,2012,2,1,Player 2,1,72076,1,1
FROG-S8,3,0,0,7,Male,Math / Science,K,0,nov.,2012,2,1,Player 2,2,15188,1,1
FROG-S8,3,0,0,11,Female,French,K,1,aug.,2012,1,0,Player 1,2,23578,0,0
FROG-S8,3,0,1,1,Female,Art / Music,K,1,jan.,2013,1,1,Player 2,1,49737,0,0
FROG-S8,3,0,1,5,Female,Art / Music,K,0,feb.,2012,1,0,Player 1,2,16079,0,0
FROG-S8,3,0,2,9,Female,Math / Science,K,0,oct.,2012,1,0,Player 1,2,83914,0,0
FROG-S8,3,0,2,10,Female,English,K,1,jan.,2012,1,1,Player 2,1,64049,0,0
FROG-S8,3,0,3,2,Male,Art / Music,K,0,sep.,2012,2,0,Player 1,0,37925,1,1
FROG-S8,3,0,3,3,Female,Art / Music,K,1,jan.,2012,2,1,Player 2,2,30836,1,1
FROG-S8,3,0,4,6,Female,Art / Music,K,1,jan.,2012,2,1,Player 2,2,20548,1,1
FROG-S8,3,0,4,8,Female,Art / Music,K,1,jun.,2012,1,0,Player 1,2,14234,0,0
FROG-S8,3,0,5,0,Male,Math / Science,K,1,sep.,2012,1,0,Player 1,2,25142,0,0
FROG-S8,3,0,5,4,Male,French,K,1,jan.,2012,2,1,Player 2,2,76743,1,1
FROG-S8,4,0,0,1,Female,Art / Music,K,1,jan.,2013,2,0,Player 1,2,17626,1,1
FROG-S8,4,0,0,2,Male,Art / Music,K,0,sep.,2012,2,1,Player 2,0,49474,1,1
FROG-S8,4,0,1,7,Male,Math / Science,K,0,nov.,2012,2,0,Player 1,1,35595,0,1
FROG-S8,4,0,1,11,Female,French,K,1,aug.,2012,1,1,Player 2,1,19335,0,0
FROG-S8,4,0,2,6,Female,Art / Music,K,1,jan.,2012,2,0,Player 1,1,15422,0,1
FROG-S8,4,0,2,9,Female,Math / Science,K,0,oct.,2012,1,1,Player 2,1,30409,0,0
FROG-S8,4,0,3,4,Male,French,K,1,jan.,2012,2,0,Player 1,1,36176,0,1
FROG-S8,4,0,3,5,Female,Art / Music,K,0,feb.,2012,1,1,Player 2,1,23657,0,0
FROG-S8,4,0,4,8,Female,Art / Music,K,1,jun.,2012,1,1,Player 2,1,43982,0,0
FROG-S8,4,0,4,10,Female,English,K,1,jan.,2012,1,0,Player 1,2,91660,1,0
FROG-S8,4,0,5,0,Male,Math / Science,K,1,sep.,2012,2,1,Player 2,0,9891,1,1
FROG-S8,4,0,5,3,Female,Art / Music,K,1,jan.,2012,1,0,Player 1,1,40740,0,0
FROG-S8,5,0,0,4,Male,French,K,1,jan.,2012,2,1,Player 2,2,11701,1,1
FROG-S8,5,0,0,5,Female,Art / Music,K,0,feb.,2012,1,0,Player 1,0,19735,0,0
FROG-S8,5,0,1,1,Female,Art / Music,K,1,jan.,2013,2,1,Player 2,2,36892,1,1
FROG-S8,5,0,1,8,Female,Art / Music,K,1,jun.,2012,1,0,Player 1,0,9471,0,0
FROG-S8,5,0,2,2,Male,Art / Music,K,0,sep.,2012,1,0,Player 1,0,27607,0,0
FROG-S8,5,0,2,7,Male,Math / Science,K,0,nov.,2012,2,1,Player 2,2,30251,1,1
FROG-S8,5,0,3,0,Male,Math / Science,K,1,sep.,2012,1,0,Player 1,0,22503,0,0
FROG-S8,5,0,3,6,Female,Art / Music,K,1,jan.,2012,2,1,Player 2,2,30220,1,1
FROG-S8,5,0,4,10,Female,English,K,1,jan.,2012,2,1,Player 2,2,37517,1,1
FROG-S8,5,0,4,11,Female,French,K,1,aug.,2012,1,0,Player 1,0,8057,0,0
FROG-S8,5,0,5,3,Female,Art / Music,K,1,jan.,2012,2,1,Player 2,2,23442,1,1
FROG-S8,5,0,5,9,Female,Math / Science,K,0,oct.,2012,1,0,Player 1,0,46801,0,0
FROG-S8,6,0,0,5,Female,Art / Music,K,0,feb.,2012,2,1,Player 2,1,22188,1,1
FROG-S8,6,0,0,7,Male,Math / Science,K,0,nov.,2012,1,0,Player 1,0,19000,0,0
FROG-S8,6,0,1,0,Male,Math / Science,K,1,sep.,2012,2,1,Player 2,1,14360,1,1
FROG-S8,6,0,1,6,Female,Art / Music,K,1,jan.,2012,1,0,Player 1,0,19923,0,0
FROG-S8,6,0,2,2,Male,Art / Music,K,0,sep.,2012,2,1,Player 2,1,26996,1,1
FROG-S8,6,0,2,4,Male,French,K,1,jan.,2012,2,0,Player 1,1,15111,1,1
FROG-S8,6,0,3,3,Female,Art / Music,K,1,jan.,2012,2,0,Player 1,1,17980,1,1
FROG-S8,6,0,3,11,Female,French,K,1,aug.,2012,2,1,Player 2,1,7621,1,1
FROG-S8,6,0,4,9,Female,Math / Science,K,0,oct.,2012,2,1,Player 2,1,19429,1,1
FROG-S8,6,0,4,10,Female,English,K,1,jan.,2012,2,0,Player 1,1,41892,1,1
FROG-S8,6,0,5,1,Female,Art / Music,K,1,jan.,2013,2,0,Player 1,0,21548,0,1
FROG-S8,6,0,5,8,Female,Art / Music,K,1,jun.,2012,1,1,Player 2,2,25274,0,0
FROG-S8,7,0,0,0,Male,Math / Science,K,1,sep.,2012,2,0,Player 1,1,10219,0,1
FROG-S8,7,0,0,10,Female,English,K,1,jan.,2012,1,1,Player 2,0,62081,0,0
FROG-S8,7,0,1,6,Female,Art / Music,K,1,jan.,2012,2,1,Player 2,1,54502,1,1
FROG-S8,7,0,1,11,Female,French,K,1,aug.,2012,1,0,Player 1,1,25396,0,0
FROG-S8,7,0,2,7,Male,Math / Science,K,0,nov.,2012,2,1,Player 2,1,8297,1,1
FROG-S8,7,0,2,8,Female,Art / Music,K,1,jun.,2012,1,0,Player 1,0,7631,0,0
FROG-S8,7,0,3,1,Female,Art / Music,K,1,jan.,2013,2,1,Player 2,1,7141,1,1
FROG-S8,7,0,3,2,Male,Art / Music,K,0,sep.,2012,2,0,Player 1,2,16502,1,1
FROG-S8,7,0,4,4,Male,French,K,1,jan.,2012,2,1,Player 2,1,34704,1,1
FROG-S8,7,0,4,5,Female,Art / Music,K,0,feb.,2012,1,0,Player 1,1,16282,0,0
FROG-S8,7,0,5,3,Female,Art / Music,K,1,jan.,2012,2,1,Player 2,1,7159,1,1
FROG-S8,7,0,5,9,Female,Math / Science,K,0,oct.,2012,2,0,Player 1,2,27623,1,1
FROG-S8,8,0,0,5,Female,Art / Music,K,0,feb.,2012,1,1,Player 2,1,8157,0,0
FROG-S8,8,0,0,7,Male,Math / Science,K,0,nov.,2012,2,0,Player 1,0,8563,0,1
FROG-S8,8,0,1,8,Female,Art / Music,K,1,jun.,2012,1,1,Player 2,1,11478,0,0
FROG-S8,8,0,1,10,Female,English,K,1,jan.,2012,1,0,Player 1,2,37064,0,0
FROG-S8,8,0,2,4,Male,French,K,1,jan.,2012,1,0,Player 1,1,13057,1,0
FROG-S8,8,0,2,11,Female,French,K,1,aug.,2012,1,1,Player 2,1,11975,0,0
FROG-S8,8,0,3,2,Male,Art / Music,K,0,sep.,2012,1,1,Player 2,2,22251,0,0
FROG-S8,8,0,3,3,Female,Art / Music,K,1,jan.,2012,2,0,Player 1,2,18607,0,1
FROG-S8,8,0,4,0,Male,Math / Science,K,1,sep.,2012,2,1,Player 2,0,7844,1,1
FROG-S8,8,0,4,1,Female,Art / Music,K,1,jan.,2013,2,0,Player 1,1,11125,1,1
FROG-S8,8,0,5,6,Female,Art / Music,K,1,jan.,2012,2,0,Player 1,0,12657,0,1
FROG-S8,8,0,5,9,Female,Math / Science,K,0,oct.,2012,1,1,Player 2,1,17456,0,0
FROG-S8,9,0,0,5,Female,Art / Music,K,0,feb.,2012,1,0,Player 1,2,10766,0,0
FROG-S8,9,0,0,7,Male,Math / Science,K,0,nov.,2012,2,1,Player 2,0,34330,1,1
FROG-S8,9,0,1,1,Female,Art / Music,K,1,jan.,2013,1,1,Player 2,1,8422,0,0
FROG-S8,9,0,1,9,Female,Math / Science,K,0,oct.,2012,1,0,Player 1,0,74419,1,0
FROG-S8,9,0,2,0,Male,Math / Science,K,1,sep.,2012,1,0,Player 1,2,6328,0,0
FROG-S8,9,0,2,6,Female,Art / Music,K,1,jan.,2012,2,1,Player 2,0,8563,1,1
FROG-S8,9,0,3,2,Male,Art / Music,K,0,sep.,2012,1,0,Player 1,0,23637,1,0
FROG-S8,9,0,3,3,Female,Art / Music,K,1,jan.,2012,1,1,Player 2,2,7844,0,0
FROG-S8,9,0,4,4,Male,French,K,1,jan.,2012,2,1,Player 2,0,16908,1,1
FROG-S8,9,0,4,8,Female,Art / Music,K,1,jun.,2012,1,0,Player 1,1,16417,0,0
FROG-S8,9,0,5,10,Female,English,K,1,jan.,2012,2,1,Player 2,0,50331,1,1
FROG-S8,9,0,5,11,Female,French,K,1,aug.,2012,1,0,Player 1,2,64125,0,0
FROG-S9,2,0,0,5,Female,French,K,0,jun.,2012,2,1,Player 2,1,59003,1,1
FROG-S9,2,0,0,6,Female,Art / Music,K,1,apr.,2012,1,0,Player 1,0,22267,0,0
FROG-S9,2,0,1,2,Male,French,K,0,mar.,2012,2,1,Player 2,1,31704,1,1
FROG-S9,2,0,1,3,Female,French,K,0,jun.,2012,2,0,Player 1,2,152482,1,1
FROG-S9,2,0,2,4,Female,Math / Science,K,0,jul.,2012,2,1,Player 2,1,33047,1,1
FROG-S9,2,0,2,8,Male,Math / Science,K,0,jun.,2012,1,0,Player 1,0,30548,0,0
FROG-S9,2,0,3,1,Male,French,K,1,jul.,2012,2,1,Player 2,1,12077,1,1
FROG-S9,2,0,3,7,Male,English,K,1,nov.,2012,2,0,Player 1,2,38783,1,1
FROG-S9,2,0,4,0,Male,Art / Music,K,1,feb.,2012,2,1,Player 2,1,45504,1,1
FROG-S9,3,0,0,3,Female,French,K,0,jun.,2012,2,1,Player 2,2,16298,1,1
FROG-S9,3,0,0,5,Female,French,K,0,jun.,2012,1,0,Player 1,2,55362,0,0
FROG-S9,3,0,1,4,Female,Math / Science,K,0,jul.,2012,2,0,Player 1,2,28702,0,1
FROG-S9,3,0,1,7,Male,English,K,1,nov.,2012,1,1,Player 2,0,46064,0,0
FROG-S9,3,0,2,1,Male,French,K,1,jul.,2012,2,0,Player 1,0,55709,1,1
FROG-S9,3,0,3,0,Male,Art / Music,K,1,feb.,2012,1,0,Player 1,2,55080,0,0
FROG-S9,3,0,3,8,Male,Math / Science,K,0,jun.,2012,2,1,Player 2,2,45111,1,1
FROG-S9,3,0,4,2,Male,French,K,0,mar.,2012,1,0,Player 1,2,28565,0,0
FROG-S9,3,0,4,6,Female,Art / Music,K,1,apr.,2012,2,1,Player 2,2,23282,1,1
FROG-S9,4,0,0,5,Female,French,K,0,jun.,2012,1,1,Player 2,1,64833,0,0
FROG-S9,4,0,0,7,Male,English,K,1,nov.,2012,2,0,Player 1,1,11204,0,1
FROG-S9,4,0,1,1,Male,French,K,1,jul.,2012,1,1,Player 2,1,23175,0,0
FROG-S9,4,0,1,8,Male,Math / Science,K,0,jun.,2012,2,0,Player 1,1,8906,0,1
FROG-S9,4,0,2,0,Male,Art / Music,K,1,feb.,2012,1,1,Player 2,1,56911,0,0
FROG-S9,4,0,3,3,Female,French,K,0,jun.,2012,1,0,Player 1,1,20501,0,0
FROG-S9,4,0,3,4,Female,Math / Science,K,0,jul.,2012,2,1,Player 2,0,12088,1,1
FROG-S9,4,0,4,2,Male,French,K,0,mar.,2012,1,1,Player 2,1,18658,0,0
FROG-S9,4,0,4,6,Female,Art / Music,K,1,apr.,2012,2,0,Player 1,1,32034,0,1
FROG-S9,5,0,0,2,Male,French,K,0,mar.,2012,2,0,Player 1,0,15394,0,1
FROG-S9,5,0,0,8,Male,Math / Science,K,0,jun.,2012,1,1,Player 2,1,23173,0,0
FROG-S9,5,0,1,0,Male,Art / Music,K,1,feb.,2012,1,0,Player 1,0,58705,0,0
FROG-S9,5,0,1,7,Male,English,K,1,nov.,2012,2,1,Player 2,2,14470,1,1
FROG-S9,5,0,2,3,Female,French,K,0,jun.,2012,1,1,Player 2,1,14063,0,0
FROG-S9,5,0,2,5,Female,French,K,0,jun.,2012,2,0,Player 1,0,63675,0,1
FROG-S9,5,0,3,1,Male,French,K,1,jul.,2012,1,0,Player 1,1,16898,0,0
FROG-S9,5,0,4,4,Female,Math / Science,K,0,jul.,2012,1,0,Player 1,0,11210,0,0
FROG-S9,5,0,4,6,Female,Art / Music,K,1,apr.,2012,2,1,Player 2,2,17133,1,1
FROG-S9,6,0,0,1,Male,French,K,1,jul.,2012,2,1,Player 2,1,34283,1,1
FROG-S9,6,0,1,2,Male,French,K,0,mar.,2012,1,1,Player 2,0,9333,0,0
FROG-S9,6,0,1,7,Male,English,K,1,nov.,2012,1,0,Player 1,0,8438,0,0
FROG-S9,6,0,2,4,Female,Math / Science,K,0,jul.,2012,2,1,Player 2,1,9493,1,1
FROG-S9,6,0,2,8,Male,Math / Science,K,0,jun.,2012,1,0,Player 1,0,6719,0,0
FROG-S9,6,0,3,3,Female,French,K,0,jun.,2012,1,0,Player 1,0,10469,0,0
FROG-S9,6,0,3,5,Female,French,K,0,jun.,2012,2,1,Player 2,1,18517,1,1
FROG-S9,6,0,4,0,Male,Art / Music,K,1,feb.,2012,2,1,Player 2,1,11266,1,1
FROG-S9,6,0,4,6,Female,Art / Music,K,1,apr.,2012,1,0,Player 1,0,7730,0,0
FROG-S9,7,0,0,0,Male,Art / Music,K,1,feb.,2012,1,0,Player 1,1,14782,0,0
FROG-S9,7,0,0,3,Female,French,K,0,jun.,2012,2,1,Player 2,1,7750,1,1
FROG-S9,7,0,1,5,Female,French,K,0,jun.,2012,2,0,Player 1,1,12954,0,1
FROG-S9,7,0,1,7,Male,English,K,1,nov.,2012,1,1,Player 2,0,24048,0,0
FROG-S9,7,0,2,1,Male,French,K,1,jul.,2012,1,0,Player 1,1,8470,0,0
FROG-S9,7,0,2,8,Male,Math / Science,K,0,jun.,2012,2,1,Player 2,1,7407,1,1
FROG-S9,7,0,3,2,Male,French,K,0,mar.,2012,2,0,Player 1,2,8743,1,1
FROG-S9,7,0,4,4,Female,Math / Science,K,0,jul.,2012,1,0,Player 1,1,8821,0,0
FROG-S9,7,0,4,6,Female,Art / Music,K,1,apr.,2012,2,1,Player 2,1,11012,1,1
FROG-S9,8,0,0,2,Male,French,K,0,mar.,2012,2,1,Player 2,0,8915,1,1
FROG-S9,8,0,0,7,Male,English,K,1,nov.,2012,1,0,Player 1,0,27158,0,0
FROG-S9,8,0,1,0,Male,Art / Music,K,1,feb.,2012,1,1,Player 2,1,6547,0,0
FROG-S9,8,0,1,8,Male,Math / Science,K,0,jun.,2012,2,0,Player 1,0,21564,0,1
FROG-S9,8,0,2,1,Male,French,K,1,jul.,2012,1,1,Player 2,1,7777,0,0
FROG-S9,8,0,2,6,Female,Art / Music,K,1,apr.,2012,2,0,Player 1,0,25485,0,1
FROG-S9,8,0,3,3,Female,French,K,0,jun.,2012,2,0,Player 1,0,6642,0,1
FROG-S9,8,0,3,4,Female,Math / Science,K,0,jul.,2012,1,1,Player 2,1,38567,0,0
FROG-S9,8,0,4,5,Female,French,K,0,jun.,2012,1,1,Player 2,1,15786,0,0
FROG-S9,9,0,0,3,Female,French,K,0,jun.,2012,1,1,Player 2,2,13332,0,0
FROG-S9,9,0,0,5,Female,French,K,0,jun.,2012,2,0,Player 1,2,18704,0,1
FROG-S9,9,0,1,0,Male,Art / Music,K,1,feb.,2012,1,0,Player 1,2,27535,0,0
FROG-S9,9,0,1,7,Male,English,K,1,nov.,2012,2,1,Player 2,0,19516,1,1
FROG-S9,9,0,2,4,Female,Math / Science,K,0,jul.,2012,1,0,Player 1,2,7056,0,0
FROG-S9,9,0,3,1,Male,French,K,1,jul.,2012,2,0,Player 1,2,14625,0,1
FROG-S9,9,0,3,8,Male,Math / Science,K,0,jun.,2012,1,1,Player 2,2,30939,0,0
FROG-S9,9,0,4,2,Male,French,K,0,mar.,2012,1,0,Player 1,1,12587,0,0
FROG-S9,9,0,4,6,Female,Art / Music,K,1,apr.,2012,2,1,Player 2,0,11462,1,1
FROG-S10,2,0,0,0,Male,Art / Music,2,0,jun.,2010,1,0,Player 1,0,9262,0,0
FROG-S10,2,0,0,10,Male,Art / Music,2,2 or more,jul.,2010,2,1,Player 2,1,47382,1,1
FROG-S10,2,0,1,7,Female,Art / Music,2,0,jun.,2010,1,1,Player 2,0,95598,0,0
FROG-S10,2,0,1,11,Male,English,1,0,jul.,2011,1,0,Player 1,1,47127,0,0
FROG-S10,2,0,2,2,Female,Math / Science,1,0,nov.,2011,2,1,Player 2,1,47958,1,1
FROG-S10,2,0,2,4,Female,French,2,0,sep.,2010,1,0,Player 1,0,26781,0,0
FROG-S10,2,0,3,6,Male,Math / Science,1,2 or more,sep.,2011,2,0,Player 1,0,44267,0,1
FROG-S10,2,0,3,8,Male,Art / Music,1,1,jun.,2011,1,1,Player 2,0,45195,0,0
FROG-S10,2,0,4,3,Male,French,1,2 or more,feb.,2011,1,1,Player 2,0,44502,0,0
FROG-S10,2,0,4,5,Female,Art / Music,2,1,nov.,2010,1,0,Player 1,2,43096,1,0
FROG-S10,2,0,5,1,Male,Math / Science,2,1,jun.,2010,1,1,Player 2,0,27454,0,0
FROG-S10,2,0,5,9,Female,French,1,2 or more,feb.,2011,2,0,Player 1,0,15492,0,1
FROG-S10,3,0,0,7,Female,Art / Music,2,0,jun.,2010,2,0,Player 1,2,45173,0,1
FROG-S10,3,0,0,9,Female,French,1,2 or more,feb.,2011,1,1,Player 2,0,8559,0,0
FROG-S10,3,0,1,5,Female,Art / Music,2,1,nov.,2010,1,1,Player 2,0,21720,0,0
FROG-S10,3,0,1,10,Male,Art / Music,2,2 or more,jul.,2010,1,0,Player 1,0,28857,1,0
FROG-S10,3,0,2,2,Female,Math / Science,1,0,nov.,2011,2,0,Player 1,2,27173,0,1
FROG-S10,3,0,2,4,Female,French,2,0,sep.,2010,1,1,Player 2,0,11010,0,0
FROG-S10,3,0,3,0,Male,Art / Music,2,0,jun.,2010,2,1,Player 2,2,53959,1,1
FROG-S10,3,0,3,1,Male,Math / Science,2,1,jun.,2010,2,0,Player 1,0,12235,1,1
FROG-S10,3,0,4,3,Male,French,1,2 or more,feb.,2011,1,0,Player 1,0,47070,1,0
FROG-S10,3,0,4,11,Male,English,1,0,jul.,2011,1,1,Player 2,1,70050,0,0
FROG-S10,3,0,5,6,Male,Math / Science,1,2 or more,sep.,2011,2,1,Player 2,2,16954,1,1
FROG-S10,3,0,5,8,Male,Art / Music,1,1,jun.,2011,1,0,Player 1,2,35254,0,0
FROG-S10,4,0,0,2,Female,Math / Science,1,0,nov.,2011,2,1,Player 2,0,24284,1,1
FROG-S10,4,0,0,6,Male,Math / Science,1,2 or more,sep.,2011,2,0,Player 1,2,49893,1,1
FROG-S10,4,0,1,0,Male,Art / Music,2,0,jun.,2010,1,0,Player 1,1,14968,0,0
FROG-S10,4,0,1,10,Male,Art / Music,2,2 or more,jul.,2010,2,1,Player 2,0,12659,1,1
FROG-S10,4,0,2,4,Female,French,2,0,sep.,2010,1,0,Player 1,1,11715,0,0
FROG-S10,4,0,2,7,Female,Art / Music,2,0,jun.,2010,2,1,Player 2,0,30658,1,1
FROG-S10,4,0,3,1,Male,Math / Science,2,1,jun.,2010,2,1,Player 2,0,11138,1,1
FROG-S10,4,0,3,5,Female,Art / Music,2,1,nov.,2010,1,0,Player 1,1,22844,0,0
FROG-S10,4,0,4,8,Male,Art / Music,1,1,jun.,2011,1,1,Player 2,2,55490,0,0
FROG-S10,4,0,4,11,Male,English,1,0,jul.,2011,1,0,Player 1,2,29001,1,0
FROG-S10,4,0,5,3,Male,French,1,2 or more,feb.,2011,1,1,Player 2,1,16548,0,0
FROG-S10,4,0,5,9,Female,French,1,2 or more,feb.,2011,2,0,Player 1,1,20203,0,1
FROG-S10,5,0,0,2,Female,Math / Science,1,0,nov.,2011,1,0,Player 1,0,13894,0,0
FROG-S10,5,0,0,11,Male,English,1,0,jul.,2011,2,1,Player 2,2,72549,1,1
FROG-S10,5,0,1,1,Male,Math / Science,2,1,jun.,2010,2,0,Player 1,2,18323,1,1
FROG-S10,5,0,1,4,Female,French,2,0,sep.,2010,2,1,Player 2,2,22137,1,1
FROG-S10,5,0,2,0,Male,Art / Music,2,0,jun.,2010,1,1,Player 2,1,13346,0,0
FROG-S10,5,0,2,8,Male,Art / Music,1,1,jun.,2011,1,0,Player 1,2,25071,1,0
FROG-S10,5,0,3,6,Male,Math / Science,1,2 or more,sep.,2011,2,1,Player 2,2,10110,1,1
FROG-S10,5,0,3,7,Female,Art / Music,2,0,jun.,2010,1,0,Player 1,0,17094,0,0
FROG-S10,5,0,4,9,Female,French,1,2 or more,feb.,2011,2,1,Player 2,2,18622,1,1
FROG-S10,5,0,4,10,Male,Art / Music,2,2 or more,jul.,2010,1,0,Player 1,0,72807,0,0
FROG-S10,5,0,5,3,Male,French,1,2 or more,feb.,2011,1,0,Player 1,2,17673,1,0
FROG-S10,5,0,5,5,Female,Art / Music,2,1,nov.,2010,1,1,Player 2,0,57503,0,0
FROG-S10,6,0,0,2,Female,Math / Science,1,0,nov.,2011,2,1,Player 2,1,8901,1,1
FROG-S10,6,0,0,4,Female,French,2,0,sep.,2010,1,0,Player 1,0,13358,0,0
FROG-S10,6,0,1,8,Male,Art / Music,1,1,jun.,2011,1,1,Player 2,2,5032,0,0
FROG-S10,6,0,1,11,Male,English,1,0,jul.,2011,1,0,Player 1,1,22813,1,0
FROG-S10,6,0,2,0,Male,Art / Music,2,0,jun.,2010,2,0,Player 1,0,8276,0,1
FROG-S10,6,0,2,3,Male,French,1,2 or more,feb.,2011,1,1,Player 2,2,15298,0,0
FROG-S10,6,0,3,5,Female,Art / Music,2,1,nov.,2010,1,0,Player 1,0,13641,0,0
FROG-S10,6,0,3,10,Male,Art / Music,2,2 or more,jul.,2010,2,1,Player 2,1,15480,1,1
FROG-S10,6,0,4,1,Male,Math / Science,2,1,jun.,2010,2,1,Player 2,1,7078,1,1
FROG-S10,6,0,4,9,Female,French,1,2 or more,feb.,2011,1,0,Player 1,0,12910,0,0
FROG-S10,6,0,5,6,Male,Math / Science,1,2 or more,sep.,2011,2,0,Player 1,1,15391,1,1
FROG-S10,6,0,5,7,Female,Art / Music,2,0,jun.,2010,2,1,Player 2,1,16908,1,1
FROG-S10,7,0,0,4,Female,French,2,0,sep.,2010,2,1,Player 2,1,7156,1,1
FROG-S10,7,0,0,8,Male,Art / Music,1,1,jun.,2011,1,0,Player 1,1,71164,0,0
FROG-S10,7,0,1,5,Female,Art / Music,2,1,nov.,2010,1,1,Player 2,2,14719,0,0
FROG-S10,7,0,1,10,Male,Art / Music,2,2 or more,jul.,2010,1,0,Player 1,2,17954,1,0
FROG-S10,7,0,2,3,Male,French,1,2 or more,feb.,2011,2,0,Player 1,2,15532,1,1
FROG-S10,7,0,2,6,Male,Math / Science,1,2 or more,sep.,2011,2,1,Player 2,1,23329,1,1
FROG-S10,7,0,3,7,Female,Art / Music,2,0,jun.,2010,1,0,Player 1,1,35548,0,0
FROG-S10,7,0,3,9,Female,French,1,2 or more,feb.,2011,2,1,Player 2,1,6998,1,1
FROG-S10,7,0,4,2,Female,Math / Science,1,0,nov.,2011,1,0,Player 1,1,12317,0,0
FROG-S10,7,0,4,11,Male,English,1,0,jul.,2011,2,1,Player 2,1,43408,1,1
FROG-S10,7,0,5,0,Male,Art / Music,2,0,jun.,2010,2,1,Player 2,1,32941,1,1
FROG-S10,7,0,5,1,Male,Math / Science,2,1,jun.,2010,2,0,Player 1,2,18532,1,1
FROG-S10,8,0,0,1,Male,Math / Science,2,1,jun.,2010,2,1,Player 2,0,26236,1,1
FROG-S10,8,0,0,11,Male,English,1,0,jul.,2011,1,0,Player 1,0,10625,0,0
FROG-S10,8,0,1,3,Male,French,1,2 or more,feb.,2011,1,1,Player 2,1,32551,0,0
FROG-S10,8,0,1,9,Female,French,1,2 or more,feb.,2011,2,0,Player 1,0,7185,0,1
FROG-S10,8,0,2,5,Female,Art / Music,2,1,nov.,2010,1,0,Player 1,2,19750,0,0
FROG-S10,8,0,2,8,Male,Art / Music,1,1,jun.,2011,1,1,Player 2,1,43019,0,0
FROG-S10,8,0,3,2,Female,Math / Science,1,0,nov.,2011,2,1,Player 2,0,7702,1,1
FROG-S10,8,0,3,6,Male,Math / Science,1,2 or more,sep.,2011,2,0,Player 1,1,10845,1,1
FROG-S10,8,0,4,0,Male,Art / Music,2,0,jun.,2010,1,0,Player 1,0,8630,0,0
FROG-S10,8,0,4,10,Male,Art / Music,2,2 or more,jul.,2010,2,1,Player 2,0,9217,1,1
FROG-S10,8,0,5,4,Female,French,2,0,sep.,2010,1,0,Player 1,0,15351,0,0
FROG-S10,8,0,5,7,Female,Art / Music,2,0,jun.,2010,2,1,Player 2,0,9407,1,1
FROG-S10,9,0,0,1,Male,Math / Science,2,1,jun.,2010,2,0,Player 1,0,31025,1,1
FROG-S10,9,0,0,6,Male,Math / Science,1,2 or more,sep.,2011,2,1,Player 2,0,10032,1,1
FROG-S10,9,0,1,2,Female,Math / Science,1,0,nov.,2011,2,0,Player 1,2,7047,0,1
FROG-S10,9,0,1,9,Female,French,1,2 or more,feb.,2011,1,1,Player 2,2,8635,0,0
FROG-S10,9,0,2,0,Male,Art / Music,2,0,jun.,2010,2,1,Player 2,0,13938,1,1
FROG-S10,9,0,2,7,Female,Art / Music,2,0,jun.,2010,1,0,Player 1,2,18110,0,0
FROG-S10,9,0,3,4,Female,French,2,0,sep.,2010,1,1,Player 2,2,12082,0,0
FROG-S10,9,0,3,10,Male,Art / Music,2,2 or more,jul.,2010,2,0,Player 1,2,64024,0,1
FROG-S10,9,0,4,8,Male,Art / Music,1,1,jun.,2011,1,0,Player 1,0,13814,1,0
FROG-S10,9,0,4,11,Male,English,1,0,jul.,2011,1,1,Player 2,2,7626,0,0
FROG-S10,9,0,5,3,Male,French,1,2 or more,feb.,2011,1,0,Player 1,2,20454,0,0
FROG-S10,9,0,5,5,Female,Art / Music,2,1,nov.,2010,2,1,Player 2,0,4829,1,1